movieId,0,3,5,17,18,19,20,27,40,41,44,49,50,56,61,62,63,65,67,72,81,83,88,90,102,103,104,110,118,121,124,131,134,139,155,159,168,176,181,185,186,197,198,199,201,211,216,218,219,220,221,225,231,233,238,245,248,262,273,274,281,287,289,291,293,297,303,304,306,311,312,317,324,327,329,331,338,351,353,355,356,364,367,371,379,380,381,386,390,413,424,427,431,433,437,447,451,452,461,468,473,476,479,482,483,488,494,508,513,516,524,533,554,559,560,561,562,566,572,579,585,589,593,595,596,598,599,602,604,605,607,609
1,4,-1,-1,3,4,-1,3,-1,-1,-1,4,3,-1,5,-1,5,4,4,2,4,2,-1,3,4,4,-1,-1,-1,3,-1,-1,2,4,3,4,4,4,5,4,4,-1,-1,-1,3,4,-1,4,3,5,-1,-1,3,3,5,4,-1,4,4,4,5,4,4,4,4,-1,2,5,-1,4,-1,-1,-1,-1,5,4,4,4,-1,-1,-1,5,-1,-1,3,5,3,4,-1,3,4,-1,-1,2,4,4,5,-1,5,1,4,4,4,3,4,4,-1,-1,4,4,4,4,4,4,3,4,4,-1,3,5,3,-1,4,-1,4,4,3,2,4,4,2,2,5
2,-1,-1,4,3,3,3,3,-1,-1,-1,-1,-1,4,-1,4,-1,-1,-1,2,-1,3,-1,-1,3,4,3,-1,-1,-1,4,4,-1,3,3,-1,4,4,3,-1,4,-1,-1,-1,-1,4,-1,2,2,-1,3,2,3,4,-1,-1,-1,4,-1,3,-1,-1,2,-1,-1,3,0,4,3,2,-1,-1,3,-1,-1,1,-1,-1,-1,-1,-1,3,-1,-1,-1,5,4,-1,-1,-1,3,3,-1,4,2,-1,3,-1,-1,-1,-1,3,4,3,4,2,2,-1,-1,-1,3,3,4,-1,-1,4,-1,2,-1,4,-1,4,2,4,-1,-1,2,4,-1,3,-1,2,-1
6,4,-1,4,4,-1,-1,-1,3,-1,-1,4,-1,-1,3,4,-1,4,-1,4,-1,3,4,-1,5,-1,-1,4,-1,-1,-1,-1,-1,-1,5,-1,2,-1,-1,4,-1,-1,-1,4,-1,5,-1,2,3,3,-1,-1,-1,-1,-1,5,-1,-1,-1,4,-1,4,-1,-1,-1,3,-1,-1,3,-1,4,3,4,4,-1,-1,-1,4,-1,-1,-1,-1,-1,4,5,5,-1,-1,-1,4,3,4,-1,-1,4,5,-1,-1,-1,-1,3,3,-1,4,-1,-1,-1,-1,-1,-1,-1,-1,-1,-1,-1,4,-1,-1,-1,4,4,-1,3,-1,-1,3,4,-1,4,-1,-1,-1,5
10,-1,-1,3,-1,2,-1,5,-1,-1,5,-1,-1,-1,3,-1,3,-1,-1,4,-1,3,3,-1,3,-1,3,-1,-1,4,-1,-1,-1,-1,-1,-1,1,-1,-1,3,4,-1,-1,-1,4,4,-1,4,4,4,-1,-1,4,3,-1,-1,-1,-1,-1,4,-1,3,3,-1,3,3,-1,4,-1,2,-1,4,-1,-1,-1,-1,-1,-1,-1,3,-1,-1,-1,3,3,5,-1,-1,3,3,3,3,-1,-1,3,4,4,4,2,3,2,-1,-1,4,2,-1,2,-1,-1,-1,0,-1,4,-1,-1,-1,-1,-1,-1,4,3,-1,3,-1,-1,3,3,-1,-1,-1,-1,4,-1
32,-1,2,4,4,4,-1,-1,3,-1,-1,4,3,-1,4,-1,3,4,5,-1,-1,-1,-1,-1,4,-1,-1,3,-1,-1,5,-1,3,5,-1,-1,5,-1,-1,4,-1,-1,5,-1,-1,4,-1,-1,3,4,5,3,4,-1,-1,5,-1,5,-1,4,5,4,5,-1,2,-1,4,4,5,3,4,4,4,4,-1,5,2,3,-1,4,-1,-1,-1,-1,4,5,3,-1,3,4,5,4,-1,-1,3,4,2,-1,5,3,5,4,4,4,5,-1,3,-1,4,-1,-1,-1,-1,4,3,3,-1,-1,-1,-1,5,-1,3,-1,3,-1,3,4,3,-1,4,3,4
33,-1,-1,4,2,4,4,-1,-1,-1,-1,-1,-1,-1,-1,-1,3,4,-1,1,-1,2,4,-1,-1,4,-1,-1,2,-1,-1,-1,1,-1,4,4,5,4,-1,-1,-1,-1,4,-1,2,-1,-1,4,-1,4,-1,-1,-1,-1,3,-1,-1,-1,4,4,5,-1,4,4,3,-1,-1,-1,3,-1,-1,-1,-1,-1,5,3,-1,-1,-1,3,-1,4,-1,-1,4,4,3,-1,-1,3,5,3,-1,-1,3,-1,-1,-1,4,-1,-1,4,4,4,-1,-1,2,-1,3,4,5,3,4,-1,2,2,-1,2,2,-1,2,-1,-1,-1,4,4,-1,2,4,-1,-1,3,-1
36,-1,-1,-1,-1,-1,-1,-1,-1,-1,-1,3,-1,-1,3,-1,-1,4,-1,4,-1,-1,-1,-1,1,-1,4,-1,4,-1,-1,-1,3,-1,-1,1,-1,3,4,-1,-1,-1,-1,-1,5,-1,-1,-1,-1,-1,-1,-1,3,3,-1,-1,-1,-1,4,-1,4,-1,-1,-1,-1,2,-1,-1,-1,2,-1,4,-1,-1,2,-1,-1,-1,-1,-1,-1,4,-1,-1,3,-1,-1,-1,2,-1,4,-1,-1,-1,3,-1,-1,-1,-1,-1,2,3,-1,2,-1,4,3,-1,4,-1,-1,4,-1,4,-1,3,-1,-1,-1,-1,-1,-1,-1,4,4,4,3,3,5,-1,-1,3,-1
44,5,2,4,4,3,-1,-1,3,3,4,-1,-1,-1,-1,4,4,4,5,4,-1,3,-1,-1,4,-1,0,5,-1,-1,4,-1,4,5,4,3,5,-1,4,4,-1,4,5,3,4,-1,-1,2,3,3,-1,4,5,4,-1,5,-1,5,-1,4,-1,-1,3,-1,-1,2,4,-1,4,4,-1,5,4,-1,4,3,4,4,5,4,-1,-1,-1,4,5,5,2,-1,4,3,4,4,-1,4,4,-1,4,5,5,4,4,4,4,4,3,4,3,-1,-1,4,2,3,4,-1,4,4,-1,-1,-1,5,5,-1,3,-1,-1,4,4,4,-1,-1,3,4,5
47,5,-1,1,5,-1,-1,-1,3,3,5,5,-1,-1,5,-1,5,3,4,3,-1,-1,4,-1,4,4,-1,5,-1,-1,5,-1,4,-1,3,4,4,-1,4,4,-1,4,5,4,-1,4,-1,3,5,5,4,3,-1,-1,-1,4,4,4,-1,4,4,4,-1,4,-1,3,3,-1,5,4,-1,5,-1,-1,4,5,4,-1,5,4,3,5,-1,4,5,4,4,5,4,4,5,4,-1,3,-1,-1,4,-1,5,3,4,4,-1,3,4,-1,-1,4,-1,-1,-1,4,-1,5,4,4,4,-1,1,5,5,-1,4,-1,3,5,3,-1,-1,-1,4,4,4
98,4,-1,5,4,-1,-1,-1,3,-1,4,5,-1,-1,4,4,2,4,5,2,-1,4,-1,-1,4,4,1,3,-1,-1,-1,4,-1,4,4,-1,4,-1,-1,3,-1,3,3,-1,4,4,-1,2,-1,-1,-1,4,-1,4,-1,4,-1,5,4,4,-1,-1,5,-1,2,-1,3,5,-1,3,4,-1,-1,-1,1,3,3,-1,-1,-1,-1,4,-1,4,4,4,-1,-1,3,5,5,4,2,4,4,4,-1,5,5,-1,5,3,-1,5,4,-1,4,-1,-1,-1,1,-1,-1,5,4,5,4,-1,-1,5,4,5,4,5,-1,5,3,2,1,3,3,4,4
99,-1,-1,-1,4,-1,-1,-1,-1,2,-1,-1,4,5,-1,-1,3,4,4,-1,-1,-1,-1,-1,4,4,-1,4,-1,-1,5,-1,-1,-1,-1,4,5,-1,-1,4,-1,4,-1,3,-1,-1,-1,-1,-1,-1,5,-1,-1,-1,-1,-1,-1,4,-1,3,3,4,3,5,2,-1,3,-1,-1,3,5,-1,-1,5,2,3,4,4,-1,4,-1,3,-1,3,3,-1,-1,-1,4,5,5,-1,-1,-1,5,-1,-1,-1,-1,5,5,4,-1,4,-1,-1,3,-1,-1,-1,-1,-1,-1,-1,-1,-1,-1,-1,-1,-1,4,-1,4,-1,-1,-1,3,-1,5,-1,3,3,5
124,-1,-1,4,-1,-1,-1,-1,-1,-1,5,5,-1,-1,3,-1,3,-1,-1,3,2,-1,5,-1,3,4,-1,-1,-1,-1,-1,-1,-1,-1,5,4,5,4,4,2,-1,-1,-1,4,4,4,-1,-1,4,5,-1,-1,4,4,-1,-1,-1,2,4,-1,-1,4,3,4,-1,-1,-1,5,-1,2,-1,-1,-1,-1,3,3,3,4,-1,4,-1,3,-1,-1,3,-1,3,4,-1,4,4,3,2,-1,5,4,3,-1,-1,-1,-1,4,4,3,2,-1,3,4,-1,4,-1,4,-1,4,4,-1,3,-1,-1,3,-1,-1,4,3,3,-1,2,2,-1,5,-1,2,-1
127,-1,-1,3,-1,2,-1,-1,-1,-1,2,-1,-1,-1,2,-1,1,2,-1,3,-1,3,-1,-1,2,-1,-1,-1,-1,-1,-1,-1,-1,1,-1,-1,3,-1,3,3,-1,-1,-1,-1,-1,-1,-1,2,2,-1,-1,-1,4,-1,5,-1,-1,-1,-1,3,-1,-1,2,-1,3,3,2,3,-1,2,-1,-1,3,-1,-1,3,-1,-1,-1,-1,-1,2,-1,-1,-1,3,-1,-1,3,-1,2,-1,-1,3,-1,3,2,4,-1,-1,-1,3,-1,1,2,-1,3,-1,2,-1,-1,-1,3,3,-1,-1,-1,-1,-1,1,2,-1,2,-1,2,3,2,-1,1,4,-1,2,3
135,-1,-1,3,-1,2,-1,-1,3,-1,3,-1,-1,-1,-1,-1,-1,-1,-1,-1,-1,-1,3,-1,3,-1,-1,-1,-1,-1,-1,-1,-1,5,4,-1,-1,-1,3,3,-1,-1,-1,3,-1,4,-1,-1,-1,-1,-1,-1,-1,-1,-1,-1,-1,-1,-1,-1,-1,-1,3,-1,4,-1,-1,-1,-1,-1,-1,-1,-1,-1,-1,-1,-1,-1,-1,-1,-1,-1,-1,4,4,-1,-1,-1,-1,-1,3,3,-1,-1,-1,-1,4,-1,-1,-1,-1,3,-1,3,-1,-1,3,-1,-1,4,-1,-1,-1,-1,-1,-1,-1,-1,-1,-1,-1,4,4,-1,-1,-1,3,1,-1,-1,-1,-1,-1
139,-1,-1,3,4,3,-1,3,-1,-1,2,5,3,-1,-1,-1,4,-1,-1,3,-1,4,3,-1,3,-1,-1,-1,-1,-1,5,-1,-1,1,4,-1,3,-1,-1,3,-1,-1,-1,-1,4,-1,-1,3,4,4,-1,3,-1,3,-1,-1,-1,-1,-1,4,-1,-1,-1,-1,3,-1,3,4,-1,2,-1,3,3,-1,-1,-1,-1,-1,-1,4,-1,-1,-1,2,4,5,-1,-1,-1,2,3,3,1,2,-1,4,4,-1,5,-1,-1,-1,-1,3,4,-1,3,-1,-1,-1,2,-1,4,-1,-1,-1,-1,-1,-1,5,-1,-1,3,4,-1,-1,3,2,-1,-1,-1,-1,-1
157,-1,-1,3,-1,2,-1,-1,-1,-1,4,3,-1,-1,2,-1,-1,3,-1,3,-1,3,-1,-1,2,-1,-1,-1,-1,-1,-1,-1,-1,-1,3,3,1,4,2,3,4,-1,4,-1,-1,-1,-1,-1,2,-1,-1,-1,-1,3,-1,-1,-1,-1,-1,3,-1,-1,-1,-1,-1,-1,-1,4,4,2,-1,-1,-1,-1,-1,-1,-1,-1,-1,3,-1,-1,-1,2,-1,3,3,-1,-1,-1,2,-1,-1,4,-1,2,2,-1,-1,-1,3,3,-1,1,-1,-1,0,-1,-1,3,-1,-1,-1,3,-1,2,-1,-1,-1,3,-1,3,-1,-1,-1,-1,2,2,-1,-1,-1,3,-1
177,-1,-1,3,3,2,-1,-1,-1,-1,-1,-1,-1,-1,1,-1,2,-1,4,4,-1,-1,-1,-1,2,-1,-1,-1,-1,-1,-1,4,-1,-1,4,-1,-1,3,-1,-1,-1,-1,-1,-1,-1,-1,-1,3,2,0,-1,-1,2,-1,-1,2,-1,3,-1,4,-1,-1,-1,-1,-1,-1,2,4,-1,2,-1,-1,3,-1,-1,4,2,-1,-1,-1,4,3,-1,3,-1,3,1,3,-1,-1,2,4,2,-1,2,3,2,-1,2,-1,3,-1,4,3,3,-1,-1,3,-1,-1,-1,-1,4,-1,3,-1,-1,-1,-1,-1,4,-1,-1,5,-1,-1,2,2,-1,-1,-1,3,-1
191,3,-1,-1,4,3,-1,-1,-1,-1,5,5,-1,-1,-1,-1,-1,3,3,1,-1,-1,5,-1,3,-1,-1,-1,-1,-1,-1,5,-1,5,-1,4,-1,-1,2,4,-1,4,-1,3,-1,-1,-1,4,4,5,-1,-1,5,-1,-1,-1,-1,-1,1,4,-1,-1,-1,-1,-1,-1,4,-1,4,4,-1,5,4,3,-1,4,-1,-1,-1,-1,3,3,-1,-1,4,4,-1,-1,4,4,5,-1,4,-1,-1,3,4,-1,-1,4,3,3,4,1,3,-1,-1,4,-1,-1,-1,3,4,-1,4,-1,4,-1,-1,-1,3,-1,-1,4,-1,3,3,2,3,-1,4,2,-1
198,5,-1,3,2,2,-1,-1,-1,-1,4,5,-1,-1,-1,-1,3,4,-1,3,-1,4,-1,-1,3,-1,-1,-1,-1,-1,4,-1,-1,2,-1,-1,-1,4,-1,0,-1,1,-1,-1,-1,-1,-1,-1,1,3,-1,3,5,3,2,3,-1,-1,-1,4,-1,1,3,-1,2,-1,2,-1,1,2,-1,-1,-1,-1,-1,4,-1,-1,-1,-1,-1,-1,-1,-1,-1,4,2,-1,2,-1,3,3,2,-1,4,-1,3,-1,5,2,-1,-1,3,3,3,-1,2,4,2,-1,-1,-1,3,4,-1,-1,-1,-1,-1,5,2,-1,2,-1,-1,-1,3,3,-1,-1,2,3,4
218,-1,-1,3,-1,3,-1,-1,3,-1,5,-1,-1,-1,-1,-1,-1,4,-1,2,-1,-1,-1,-1,4,-1,-1,-1,-1,-1,4,-1,2,-1,-1,-1,3,-1,4,3,-1,3,-1,-1,-1,-1,-1,-1,3,-1,-1,-1,-1,-1,-1,-1,-1,4,-1,4,-1,-1,4,-1,1,-1,-1,-1,-1,3,4,4,-1,-1,-1,4,-1,-1,-1,-1,-1,4,-1,-1,-1,-1,4,-1,-1,-1,3,4,4,4,-1,-1,-1,-1,-1,-1,-1,-1,-1,3,3,-1,4,-1,-1,-1,-1,-1,4,-1,-1,3,-1,-1,-1,-1,-1,-1,-1,0,-1,-1,3,4,3,-1,-1,3,-1
219,-1,-1,3,-1,-1,-1,-1,-1,-1,-1,-1,-1,-1,-1,-1,-1,-1,-1,-1,-1,-1,-1,-1,-1,-1,-1,-1,-1,-1,-1,-1,-1,-1,-1,-1,-1,-1,-1,-1,-1,-1,-1,-1,-1,-1,-1,-1,-1,-1,-1,-1,-1,-1,-1,-1,-1,-1,-1,-1,-1,-1,-1,-1,-1,-1,-1,-1,-1,-1,-1,-1,-1,-1,-1,-1,-1,-1,-1,-1,-1,-1,-1,-1,-1,-1,-1,-1,-1,-1,-1,-1,-1,-1,-1,-1,-1,-1,-1,-1,-1,-1,-1,-1,-1,-1,-1,-1,-1,-1,-1,-1,-1,-1,-1,-1,-1,-1,-1,-1,-1,-1,-1,-1,-1,-1,-1,-1,-1,-1,-1,-1,-1
225,5,5,-1,4,4,-1,4,4,-1,5,5,-1,5,5,4,5,3,2,5,2,3,4,-1,4,4,3,4,-1,-1,5,-1,2,4,4,1,5,-1,2,3,4,4,5,4,5,4,2,5,5,5,-1,-1,4,4,5,5,5,5,-1,3,4,4,5,5,4,5,4,5,5,3,5,3,3,-1,5,4,-1,-1,4,4,-1,4,3,4,4,5,3,5,4,5,5,3,3,3,5,5,5,5,4,4,4,4,4,4,4,-1,-1,-1,4,5,3,4,4,5,4,4,-1,-1,2,5,4,4,5,-1,4,5,5,4,4,5,4,3,5
255,-1,-1,3,4,4,-1,3,4,4,-1,-1,-1,-1,-1,5,3,4,4,4,-1,3,-1,-1,4,-1,4,5,-1,5,-1,-1,4,4,5,-1,1,-1,-1,4,-1,-1,-1,3,-1,5,3,-1,4,-1,-1,3,-1,-1,-1,4,4,5,-1,4,-1,-1,-1,-1,-1,3,3,4,3,-1,-1,4,3,3,3,-1,3,-1,-1,-1,-1,-1,-1,4,4,5,-1,-1,4,5,5,5,-1,3,4,-1,-1,-1,-1,-1,4,3,-1,4,4,-1,4,-1,-1,-1,-1,4,-1,5,4,4,-1,-1,-1,5,5,-1,-1,-1,-1,-1,5,-1,2,-1,4,4,5
258,3,1,2,4,-1,-1,3,4,5,5,5,4,-1,3,4,5,4,5,2,-1,-1,4,-1,4,5,-1,5,-1,4,5,4,4,4,4,5,5,-1,5,5,-1,4,5,4,5,4,3,2,4,5,5,4,4,5,-1,5,4,4,3,5,5,4,5,5,3,4,4,5,5,4,-1,5,4,5,5,4,4,2,5,4,-1,4,-1,5,4,5,-1,5,5,5,5,4,4,2,5,-1,5,-1,5,2,5,4,4,4,5,-1,4,-1,3,4,-1,-1,-1,4,4,4,5,-1,-1,5,5,-1,4,-1,-1,-1,5,4,5,2,5,5,5
259,-1,-1,-1,-1,-1,-1,-1,-1,-1,-1,-1,-1,-1,-1,-1,-1,-1,-1,-1,-1,-1,-1,-1,-1,-1,-1,-1,-1,-1,-1,-1,-1,-1,-1,-1,-1,-1,-1,-1,-1,-1,-1,-1,-1,-1,-1,-1,-1,-1,-1,-1,-1,-1,-1,-1,-1,-1,-1,-1,2,-1,-1,-1,-1,-1,-1,-1,-1,-1,-1,-1,-1,-1,-1,-1,-1,-1,-1,-1,-1,-1,-1,-1,-1,-1,-1,-1,-1,-1,-1,-1,-1,-1,-1,-1,-1,-1,-1,-1,-1,-1,-1,-1,-1,-1,-1,-1,-1,-1,-1,-1,-1,-1,-1,-1,-1,-1,-1,-1,-1,-1,-1,-1,-1,-1,-1,-1,-1,-1,-1,-1,-1
276,3,-1,5,-1,2,-1,-1,4,-1,2,4,-1,4,3,-1,-1,3,-1,3,-1,-1,-1,-1,4,-1,-1,-1,-1,-1,-1,-1,-1,-1,-1,-1,2,-1,-1,2,4,-1,5,-1,-1,-1,-1,3,2,2,-1,-1,2,-1,-1,4,-1,-1,-1,3,-1,-1,-1,-1,-1,3,-1,-1,3,-1,3,4,-1,-1,-1,4,3,-1,-1,-1,4,-1,-1,2,5,5,3,-1,3,-1,3,3,-1,-1,3,3,3,5,3,-1,3,3,3,4,-1,-1,3,-1,-1,-1,-1,-1,3,4,4,4,-1,-1,-1,4,4,4,-1,4,-1,-1,3,-1,-1,-1,-1,3,-1
278,-1,-1,5,5,-1,-1,-1,3,-1,4,-1,3,-1,-1,4,5,5,4,3,-1,-1,5,-1,2,5,-1,5,4,4,5,4,4,5,4,4,-1,5,5,4,-1,3,5,4,5,4,4,-1,5,5,4,-1,-1,5,-1,5,-1,4,5,4,4,4,5,5,5,-1,3,4,5,4,-1,3,4,5,5,4,4,4,5,4,4,4,4,-1,5,3,3,5,3,5,5,5,-1,3,4,5,-1,-1,5,4,5,5,5,5,5,5,-1,5,-1,-1,4,4,-1,5,-1,5,5,-1,-1,4,5,5,4,-1,-1,-1,4,3,-1,-1,3,4,3
288,-1,-1,4,4,2,-1,-1,-1,-1,-1,4,-1,-1,4,-1,-1,-1,-1,-1,-1,-1,-1,-1,2,-1,-1,-1,-1,-1,-1,-1,-1,2,-1,-1,1,-1,-1,-1,4,-1,-1,-1,-1,-1,-1,4,-1,-1,-1,-1,-1,-1,-1,-1,-1,-1,-1,-1,-1,-1,3,-1,-1,4,-1,4,-1,-1,3,-1,-1,3,-1,-1,-1,-1,4,-1,-1,-1,-1,-1,-1,3,-1,-1,-1,2,3,-1,-1,-1,-1,3,4,-1,-1,-1,2,4,4,-1,-1,-1,-1,-1,-1,-1,-1,-1,-1,3,-1,3,-1,-1,-1,-1,4,-1,3,4,3,-1,4,3,-1,-1,-1,3,-1
303,-1,-1,3,2,2,-1,-1,-1,-1,2,4,-1,3,-1,3,5,3,-1,2,-1,3,-1,-1,3,3,-1,-1,-1,-1,-1,-1,1,-1,-1,3,-1,3,4,-1,-1,-1,4,-1,4,-1,-1,3,4,2,-1,4,4,-1,2,-1,-1,3,-1,4,-1,2,3,-1,2,-1,3,-1,-1,4,-1,-1,3,-1,-1,0,-1,-1,-1,2,1,-1,-1,-1,-1,5,3,-1,3,-1,2,3,0,1,3,4,3,-1,4,-1,-1,1,3,3,4,-1,1,4,4,-1,2,-1,3,4,3,-1,-1,-1,-1,-1,-1,-1,3,-1,-1,-1,2,3,-1,-1,-1,3,3
308,4,-1,5,-1,-1,-1,-1,3,-1,4,-1,-1,-1,4,-1,-1,-1,-1,-1,-1,-1,4,-1,3,-1,-1,-1,-1,-1,-1,-1,-1,2,4,-1,-1,-1,-1,-1,-1,-1,-1,3,-1,-1,-1,4,-1,4,-1,-1,-1,-1,-1,4,-1,-1,-1,-1,-1,-1,3,-1,4,2,-1,4,-1,-1,-1,-1,-1,-1,-1,-1,-1,-1,-1,-1,3,-1,-1,4,-1,-1,-1,-1,-1,3,3,-1,-1,-1,3,-1,4,-1,-1,-1,-1,3,-1,3,-1,-1,-1,-1,-1,-1,2,-1,-1,-1,-1,3,-1,-1,-1,-1,-1,-1,3,-1,-1,3,3,2,-1,-1,-1,-1,-1
315,4,-1,5,4,2,-1,4,4,2,5,5,3,-1,4,5,3,4,5,3,-1,4,5,0,3,4,4,3,5,4,5,5,4,-1,4,3,3,4,5,5,-1,2,5,2,4,5,3,2,-1,5,3,4,4,4,-1,5,3,4,4,4,3,4,5,-1,4,5,3,5,4,4,4,-1,4,2,3,5,4,4,5,4,4,3,4,4,3,5,4,4,4,5,5,5,3,4,4,4,3,5,5,2,-1,3,5,5,5,5,4,4,-1,4,3,4,4,5,3,4,5,4,3,4,4,-1,5,-1,3,5,3,4,3,3,4,3,3
316,-1,3,3,-1,4,-1,-1,-1,4,-1,4,-1,-1,4,-1,4,4,5,1,-1,3,4,2,1,-1,5,-1,-1,-1,-1,-1,3,-1,-1,3,-1,-1,-1,-1,-1,-1,5,-1,4,4,-1,3,-1,-1,-1,-1,-1,-1,-1,-1,5,-1,4,-1,4,-1,-1,-1,-1,2,-1,5,5,3,-1,-1,4,-1,-1,-1,-1,-1,-1,4,-1,4,-1,-1,4,-1,-1,4,-1,4,4,-1,-1,-1,-1,-1,3,-1,5,-1,3,3,-1,3,3,-1,4,-1,-1,-1,5,-1,-1,4,-1,-1,-1,-1,-1,-1,-1,-1,-1,-1,-1,5,2,1,4,-1,4,3,-1
323,-1,-1,5,3,3,5,4,-1,-1,4,5,-1,-1,4,-1,4,4,-1,4,-1,3,-1,-1,3,3,4,-1,3,5,-1,-1,4,-1,4,-1,5,4,4,-1,4,-1,4,-1,-1,-1,3,-1,5,4,-1,2,3,3,5,4,-1,5,-1,4,-1,-1,3,-1,4,-1,-1,2,-1,3,-1,-1,4,-1,1,3,-1,4,-1,-1,-1,3,-1,-1,4,5,4,-1,3,-1,4,3,-1,5,-1,4,-1,-1,5,1,-1,4,4,3,4,5,4,-1,4,4,4,4,4,-1,-1,4,5,-1,2,4,3,-1,4,5,4,-1,3,2,-1,-1,-1,3,-1
326,4,-1,4,2,4,-1,3,-1,-1,-1,4,-1,-1,3,-1,4,3,-1,3,-1,3,-1,-1,3,3,3,-1,-1,-1,-1,-1,-1,4,-1,3,5,-1,3,-1,-1,-1,-1,-1,3,-1,-1,3,3,-1,-1,3,3,-1,-1,3,-1,4,-1,4,-1,-1,2,-1,2,4,2,-1,-1,1,-1,2,-1,-1,-1,1,4,-1,-1,-1,-1,-1,-1,3,-1,5,1,-1,3,-1,4,2,-1,2,2,3,3,-1,5,-1,2,1,1,4,3,3,1,-1,3,-1,3,3,4,3,4,2,-1,-1,-1,3,3,-1,3,4,3,-1,3,3,-1,4,3,2,3
335,-1,-1,5,2,4,-1,-1,1,-1,-1,-1,-1,3,2,-1,2,3,-1,5,-1,-1,4,-1,3,-1,-1,-1,-1,-1,-1,-1,-1,4,4,-1,3,4,3,2,4,2,-1,2,4,3,-1,-1,3,3,-1,-1,2,3,4,-1,-1,4,3,3,-1,3,3,-1,3,-1,-1,3,4,1,-1,2,3,-1,-1,0,3,-1,-1,4,-1,-1,-1,3,5,5,4,-1,-1,2,4,3,2,-1,-1,4,4,4,4,1,-1,4,3,3,1,-1,3,-1,-1,-1,3,3,-1,-1,4,3,-1,-1,-1,5,-1,-1,3,4,-1,4,3,2,5,-1,-1,2,5
338,-1,-1,4,2,3,-1,-1,-1,0,3,4,-1,4,4,-1,-1,-1,3,3,-1,4,3,-1,3,-1,3,-1,-1,-1,-1,-1,-1,3,4,-1,-1,-1,3,3,4,2,-1,3,-1,-1,-1,2,3,4,-1,-1,-1,-1,-1,3,-1,4,4,4,-1,-1,3,-1,4,-1,-1,4,3,-1,-1,5,-1,2,-1,3,-1,-1,-1,4,3,-1,-1,3,5,5,3,-1,2,2,4,2,2,-1,2,5,3,5,4,-1,4,4,-1,2,4,-1,3,-1,-1,-1,-1,4,-1,4,4,3,-1,-1,-1,4,-1,4,3,4,-1,2,3,3,2,3,-1,3,5
399,5,5,5,3,4,-1,-1,3,-1,4,4,-1,-1,5,-1,-1,-1,3,4,-1,-1,4,-1,4,-1,-1,-1,-1,-1,-1,-1,-1,4,4,3,2,4,-1,3,-1,-1,-1,4,-1,3,-1,4,4,-1,-1,-1,-1,-1,-1,4,-1,4,4,3,-1,-1,3,4,4,-1,-1,5,4,3,4,2,-1,-1,2,2,-1,4,-1,3,4,-1,-1,3,5,4,4,-1,-1,4,5,3,-1,-1,-1,4,4,-1,5,-1,3,5,5,3,2,-1,-1,-1,-1,4,2,3,-1,4,-1,4,-1,-1,-1,4,3,4,4,4,3,5,3,3,3,-1,-1,3,4
419,4,-1,5,3,2,-1,4,2,-1,-1,4,-1,-1,5,-1,2,4,3,3,-1,4,3,-1,4,4,-1,-1,2,-1,4,-1,-1,5,4,3,2,4,3,3,4,-1,3,-1,3,4,3,4,4,5,3,-1,4,3,5,4,-1,4,-1,3,4,4,2,-1,4,-1,4,4,2,3,3,3,4,-1,2,2,3,4,-1,4,-1,4,-1,4,-1,5,4,-1,3,2,4,3,2,4,5,4,3,4,4,-1,3,4,4,5,4,4,3,-1,-1,4,1,4,4,4,-1,4,-1,-1,2,5,4,-1,4,5,-1,5,4,3,-1,3,2,3,5
437,3,-1,5,3,2,-1,2,-1,-1,-1,4,-1,-1,3,-1,3,3,-1,3,-1,-1,4,-1,2,-1,3,-1,4,-1,-1,-1,2,-1,4,2,-1,5,5,-1,4,1,-1,-1,3,-1,-1,3,2,-1,-1,-1,3,4,-1,-1,-1,3,4,3,-1,4,3,-1,4,3,-1,1,3,2,-1,-1,3,-1,-1,3,-1,-1,-1,-1,4,3,-1,-1,-1,4,4,-1,2,4,3,3,1,3,2,3,4,-1,-1,0,-1,2,3,4,3,3,3,-1,-1,-1,5,3,4,4,3,-1,-1,-1,-1,5,-1,-1,2,-1,-1,4,3,4,-1,-1,3,2,-1
462,5,-1,3,4,-1,-1,-1,3,-1,4,-1,-1,3,5,4,4,5,-1,4,-1,-1,5,-1,-1,3,4,3,-1,-1,-1,-1,-1,5,5,-1,5,5,4,4,-1,4,-1,5,-1,-1,-1,-1,-1,-1,3,3,-1,4,-1,-1,-1,4,5,4,5,5,5,5,-1,-1,-1,5,5,4,5,-1,4,-1,5,-1,4,5,5,4,-1,5,-1,5,5,-1,-1,5,-1,5,4,4,-1,4,5,4,-1,5,3,1,4,5,4,5,5,-1,-1,4,-1,-1,3,4,-1,-1,-1,4,4,-1,-1,-1,3,2,5,-1,4,-1,-1,3,3,-1,5,4,3
473,-1,1,3,-1,3,-1,-1,-1,-1,-1,-1,-1,-1,3,-1,-1,-1,-1,3,-1,-1,4,-1,2,3,4,-1,-1,-1,-1,-1,3,-1,3,3,-1,4,3,-1,-1,-1,-1,2,3,-1,-1,-1,-1,-1,-1,-1,-1,-1,-1,4,-1,-1,3,-1,-1,-1,3,-1,-1,3,2,4,-1,2,-1,-1,-1,-1,-1,2,-1,-1,-1,-1,-1,3,-1,-1,-1,-1,4,-1,-1,-1,2,-1,-1,-1,-1,3,3,-1,-1,-1,-1,4,-1,3,-1,-1,4,-1,-1,-1,3,-1,-1,-1,-1,3,4,-1,-1,-1,-1,3,-1,5,-1,-1,3,2,4,-1,-1,2,-1
475,-1,-1,-1,4,4,-1,3,4,2,-1,3,4,-1,5,-1,-1,-1,5,2,-1,-1,-1,-1,5,-1,-1,4,-1,-1,-1,-1,-1,-1,3,4,5,-1,-1,4,4,4,3,5,-1,5,3,-1,3,2,5,-1,-1,-1,-1,4,5,4,-1,2,5,-1,4,3,3,-1,4,4,4,3,5,5,3,5,-1,2,5,5,4,-1,4,-1,1,-1,4,5,-1,-1,4,5,5,-1,3,-1,5,-1,4,5,-1,3,5,3,5,4,-1,-1,4,-1,-1,-1,-1,-1,-1,4,-1,-1,-1,-1,3,-1,5,-1,4,-1,4,4,4,-1,3,-1,5,3,5
505,-1,-1,-1,3,3,3,2,-1,-1,2,3,-1,-1,-1,4,2,3,3,1,-1,-1,3,-1,2,4,3,-1,-1,-1,-1,-1,2,-1,-1,2,-1,5,3,3,-1,1,-1,-1,3,-1,-1,-1,3,4,-1,-1,4,3,2,-1,-1,-1,3,3,-1,-1,3,-1,4,2,-1,4,-1,2,-1,-1,-1,-1,-1,3,-1,-1,-1,3,-1,4,-1,-1,-1,4,1,-1,2,-1,3,2,2,-1,3,-1,3,-1,-1,-1,-1,2,3,4,2,4,1,-1,1,3,5,3,4,4,-1,3,-1,-1,-1,5,-1,-1,3,5,-1,-1,3,-1,-1,-1,-1,1,-1
506,-1,-1,5,-1,3,-1,-1,-1,-1,-1,2,-1,-1,2,-1,-1,4,-1,2,-1,-1,3,-1,2,-1,-1,-1,-1,-1,-1,-1,-1,4,3,3,3,-1,3,-1,-1,-1,-1,2,-1,-1,-1,3,-1,-1,-1,-1,-1,-1,-1,3,-1,-1,4,-1,3,3,3,-1,3,2,-1,-1,-1,2,-1,-1,-1,3,-1,3,-1,-1,-1,-1,-1,3,-1,3,-1,3,4,-1,-1,3,3,-1,-1,4,3,-1,3,-1,-1,-1,-1,3,3,3,3,-1,4,-1,-1,-1,4,-1,-1,5,-1,-1,-1,-1,-1,-1,1,4,-1,5,-1,4,2,3,3,3,4,2,-1
507,-1,4,5,3,3,5,4,-1,-1,-1,5,-1,-1,4,-1,4,4,-1,3,-1,2,-1,1,3,-1,4,-1,4,-1,-1,-1,3,-1,3,-1,-1,5,4,-1,5,-1,-1,-1,4,4,-1,-1,4,5,-1,-1,4,3,5,4,-1,4,-1,4,-1,4,4,-1,4,3,-1,4,-1,4,-1,-1,-1,-1,3,3,-1,-1,-1,3,-1,4,-1,-1,4,5,4,5,2,-1,4,3,2,-1,4,4,-1,-1,5,-1,2,4,3,4,4,4,3,4,3,4,3,3,4,-1,-1,-1,4,4,-1,4,2,4,4,4,-1,4,3,3,-1,3,-1,3,-1
508,-1,-1,3,4,5,-1,3,4,-1,-1,5,-1,5,4,-1,4,4,4,3,-1,4,-1,-1,4,-1,-1,4,-1,-1,5,4,-1,4,-1,-1,5,-1,-1,2,5,-1,3,3,-1,5,4,3,4,5,4,-1,4,4,-1,3,5,4,-1,4,-1,4,4,-1,4,-1,4,5,5,2,4,5,-1,-1,1,3,3,-1,-1,4,-1,3,-1,3,4,5,2,-1,3,4,5,3,2,3,4,5,3,5,5,2,4,4,5,4,4,-1,3,-1,-1,4,-1,-1,-1,5,3,4,4,-1,-1,5,4,5,4,5,3,5,4,3,-1,3,3,3,5
509,4,-1,5,4,-1,-1,-1,4,-1,4,4,-1,-1,3,-1,-1,5,4,4,-1,3,4,-1,3,4,-1,-1,-1,-1,-1,-1,-1,-1,5,3,-1,-1,-1,4,-1,1,-1,-1,3,4,-1,4,-1,5,3,-1,2,-1,4,4,-1,-1,-1,4,-1,-1,5,-1,3,3,-1,5,4,3,-1,-1,3,-1,-1,4,4,-1,5,-1,-1,3,-1,-1,3,-1,-1,-1,3,-1,4,4,2,4,-1,3,3,-1,-1,-1,4,3,-1,5,-1,-1,4,-1,-1,-1,-1,-1,-1,-1,-1,-1,2,-1,-1,-1,4,-1,3,-1,-1,-1,-1,-1,3,3,4,3,-1
510,4,-1,3,-1,5,-1,3,2,-1,3,-1,-1,-1,4,-1,4,-1,4,4,-1,3,3,-1,5,-1,3,-1,-1,-1,4,-1,2,5,-1,-1,4,-1,3,3,4,-1,3,3,-1,3,-1,2,3,-1,-1,-1,-1,-1,4,-1,-1,-1,-1,3,-1,3,3,-1,3,3,3,-1,2,4,-1,5,-1,-1,2,4,-1,2,-1,4,-1,3,-1,3,3,3,-1,-1,4,4,4,3,3,-1,-1,4,3,5,-1,3,3,4,-1,4,3,-1,4,-1,-1,2,3,-1,4,3,-1,4,-1,-1,-1,4,3,-1,3,4,3,4,3,2,2,3,3,3,4
511,4,5,4,4,-1,-1,-1,2,4,5,4,3,5,5,5,-1,5,4,3,-1,-1,5,-1,4,5,-1,4,0,-1,5,4,3,5,4,4,2,-1,5,4,5,4,4,4,-1,5,3,-1,4,-1,4,-1,-1,-1,-1,3,-1,4,5,4,5,4,5,4,3,-1,-1,4,5,4,-1,5,4,5,-1,5,4,5,4,4,-1,4,0,4,4,5,-1,5,4,3,4,4,2,4,4,-1,5,-1,4,3,4,4,5,4,-1,-1,4,-1,-1,5,3,3,4,5,4,4,5,-1,-1,4,4,-1,3,5,4,-1,3,4,5,-1,4,4,4
513,-1,3,5,3,-1,5,-1,-1,4,-1,5,-1,-1,5,-1,3,3,-1,4,-1,3,-1,-1,3,3,5,-1,3,-1,-1,-1,4,-1,5,-1,3,5,5,-1,5,-1,-1,-1,-1,4,-1,-1,2,-1,-1,-1,2,3,-1,3,-1,4,-1,3,-1,-1,4,4,4,-1,-1,5,-1,3,-1,-1,3,-1,3,2,-1,-1,-1,-1,-1,4,-1,-1,4,4,3,-1,2,3,3,-1,-1,4,-1,4,-1,-1,-1,-1,-1,5,3,3,3,5,4,-1,3,4,4,3,-1,-1,-1,-1,3,4,-1,4,-1,-1,4,5,4,-1,3,3,-1,4,-1,2,-1
515,-1,-1,4,-1,3,-1,4,-1,3,5,3,-1,3,3,-1,-1,3,-1,4,-1,-1,3,-1,2,-1,4,-1,4,-1,-1,-1,-1,-1,5,4,-1,4,4,3,-1,1,3,3,5,-1,-1,-1,-1,-1,-1,-1,-1,3,-1,4,-1,-1,4,-1,-1,3,3,-1,3,1,-1,4,-1,3,-1,-1,-1,2,-1,4,-1,-1,-1,3,-1,4,-1,-1,-1,-1,4,-1,2,-1,3,3,-1,4,-1,4,3,-1,4,1,-1,4,-1,3,3,-1,4,-1,-1,2,3,4,-1,4,-1,-1,-1,4,-1,-1,-1,-1,3,5,-1,4,3,-1,3,-1,4,2,-1
521,5,5,3,4,-1,-1,-1,3,4,-1,-1,4,-1,4,-1,4,4,4,2,-1,-1,5,-1,3,4,4,4,-1,-1,5,3,-1,4,5,5,5,-1,4,5,-1,4,3,5,-1,4,3,5,3,5,5,-1,4,-1,-1,4,-1,4,-1,3,4,-1,4,5,2,4,3,-1,3,3,4,4,4,-1,5,4,4,5,-1,-1,-1,4,-1,4,5,4,3,-1,4,5,5,2,-1,-1,5,-1,4,5,4,3,5,4,4,4,4,-1,4,-1,-1,4,-1,4,-1,5,4,3,-1,-1,-1,-1,4,-1,4,-1,-1,-1,3,4,5,-1,-1,3,4
547,3,3,-1,3,3,-1,4,-1,-1,5,4,-1,-1,4,-1,4,-1,-1,4,-1,4,-1,-1,4,-1,-1,-1,-1,-1,-1,-1,-1,4,4,3,1,-1,4,4,4,-1,3,-1,3,3,-1,5,4,3,-1,-1,3,3,4,4,-1,3,-1,3,-1,3,1,-1,-1,-1,-1,4,4,2,-1,1,3,-1,-1,2,-1,4,-1,4,-1,-1,-1,3,-1,4,3,-1,3,3,4,3,2,4,4,4,3,5,3,-1,2,3,3,3,2,-1,3,-1,-1,4,-1,-1,-1,-1,-1,3,-1,-1,2,4,-1,-1,3,5,-1,4,3,3,2,-1,2,3,-1
548,-1,-1,-1,-1,-1,-1,-1,-1,-1,-1,-1,-1,-1,-1,-1,-1,-1,-1,-1,-1,-1,-1,-1,-1,-1,-1,-1,-1,-1,-1,-1,-1,-1,-1,-1,-1,-1,-1,-1,-1,-1,-1,-1,-1,-1,-1,-1,-1,-1,-1,-1,-1,-1,-1,-1,-1,-1,-1,-1,-1,-1,-1,-1,-1,-1,-1,-1,-1,-1,-1,-1,-1,-1,-1,-1,-1,-1,-1,-1,-1,-1,-1,-1,-1,-1,-1,-1,-1,-1,-1,-1,-1,-1,-1,-1,-1,-1,-1,-1,-1,-1,-1,-1,-1,-1,-1,-1,-1,-1,-1,-1,-1,-1,-1,-1,-1,-1,-1,-1,-1,-1,-1,-1,-1,-1,-1,-1,3,-1,-1,-1,-1
593,4,-1,-1,-1,3,-1,3,1,-1,2,4,-1,-1,3,-1,-1,-1,-1,-1,-1,4,4,-1,3,-1,3,-1,-1,-1,-1,-1,-1,-1,3,-1,1,-1,-1,3,4,-1,-1,-1,-1,-1,-1,3,3,4,-1,3,4,-1,-1,4,-1,4,-1,3,-1,-1,3,-1,4,4,-1,4,4,3,-1,2,-1,-1,-1,-1,-1,-1,-1,4,4,-1,-1,3,4,3,3,-1,-1,-1,3,4,-1,-1,3,4,3,-1,4,-1,3,4,4,3,3,4,3,-1,-1,-1,-1,4,-1,-1,-1,3,-1,-1,-1,4,-1,4,3,-1,-1,1,3,-1,-1,-1,-1,4,-1
595,3,-1,5,-1,2,-1,-1,2,-1,-1,-1,-1,-1,2,-1,-1,3,-1,4,-1,-1,3,-1,2,-1,-1,-1,-1,-1,-1,-1,-1,-1,3,-1,1,4,4,-1,-1,1,-1,3,2,-1,-1,3,3,4,-1,-1,-1,3,5,-1,-1,3,4,2,-1,-1,2,-1,-1,-1,-1,-1,-1,1,-1,-1,-1,1,-1,2,-1,-1,-1,-1,-1,-1,-1,3,4,3,3,-1,-1,-1,3,2,-1,-1,2,3,3,4,3,-1,3,2,3,2,-1,-1,2,3,-1,-1,-1,-1,3,-1,-1,-1,-1,-1,-1,4,3,-1,2,4,-1,-1,2,2,-1,-1,-1,3,-1
614,-1,-1,-1,4,-1,-1,-1,3,4,-1,4,-1,-1,4,4,4,5,-1,-1,-1,-1,-1,-1,4,-1,-1,5,-1,-1,5,-1,3,-1,-1,4,5,-1,-1,4,-1,3,4,3,-1,-1,3,-1,4,-1,4,3,-1,-1,-1,4,-1,4,-1,4,5,-1,-1,-1,-1,-1,3,-1,5,3,-1,-1,4,-1,-1,4,-1,-1,-1,-1,4,3,-1,-1,3,-1,-1,-1,4,5,5,5,-1,3,4,-1,4,-1,5,2,-1,4,-1,4,4,-1,-1,-1,-1,2,-1,-1,-1,5,4,-1,-1,-1,-1,-1,5,-1,-1,-1,-1,5,3,3,2,-1,4,3,5
616,3,-1,5,4,-1,-1,3,3,-1,2,3,-1,-1,3,-1,3,3,3,4,-1,4,-1,-1,3,-1,4,-1,-1,-1,4,-1,-1,3,4,-1,1,-1,3,1,4,0,2,3,3,2,2,3,4,4,2,-1,3,3,-1,4,2,4,-1,3,-1,3,1,-1,4,-1,2,4,4,2,2,3,4,-1,-1,2,2,-1,-1,3,-1,4,-1,2,-1,4,4,-1,2,1,4,3,3,1,2,3,3,5,3,-1,2,4,4,3,3,3,2,4,-1,-1,3,-1,4,4,3,4,-1,-1,-1,5,3,-1,4,4,-1,1,3,2,-1,3,2,3,3
660,-1,-1,-1,4,-1,-1,2,4,-1,5,5,4,3,5,5,4,5,-1,4,-1,3,4,-1,5,4,1,5,-1,-1,5,4,3,4,5,5,5,-1,5,4,-1,-1,-1,4,-1,4,-1,2,4,5,4,4,-1,4,-1,5,-1,4,-1,3,5,5,-1,5,4,5,5,-1,5,4,-1,5,-1,5,5,4,-1,4,-1,4,-1,5,-1,5,5,4,-1,5,4,5,5,3,-1,4,5,-1,5,5,4,5,5,5,-1,5,4,-1,-1,4,-1,-1,-1,-1,-1,-1,-1,-1,-1,-1,-1,5,4,3,5,4,3,5,4,4,5,-1,4,5,5
707,-1,-1,-1,4,3,-1,-1,3,2,5,4,4,5,5,-1,3,1,-1,1,4,-1,-1,-1,3,4,-1,4,-1,-1,-1,-1,-1,-1,4,4,5,-1,1,5,5,4,4,-1,-1,5,4,-1,-1,-1,-1,-1,-1,-1,-1,4,-1,4,-1,2,1,-1,5,5,-1,-1,4,4,4,3,5,3,3,5,4,1,-1,5,4,3,-1,-1,-1,3,2,4,-1,-1,5,5,5,-1,-1,-1,4,-1,4,3,-1,2,5,4,4,-1,-1,-1,4,-1,-1,-1,-1,-1,-1,-1,-1,4,-1,-1,1,-1,3,-1,5,-1,4,-1,5,4,5,-1,5,3,4
794,-1,-1,-1,4,-1,-1,3,2,-1,4,3,3,-1,4,-1,4,3,4,3,-1,4,3,-1,4,-1,-1,-1,2,-1,-1,-1,-1,5,4,-1,2,-1,4,4,-1,-1,-1,-1,3,4,-1,4,5,5,-1,3,3,4,4,4,-1,4,-1,4,-1,-1,3,-1,4,-1,3,4,4,3,3,4,4,4,1,-1,-1,-1,-1,4,3,-1,-1,4,5,5,2,-1,3,5,5,3,-1,2,4,4,5,4,5,1,4,3,4,3,3,-1,3,-1,-1,4,-1,4,4,4,-1,4,-1,-1,-1,5,4,-1,4,5,4,4,4,3,4,-1,-1,3,5
816,5,4,3,-1,4,5,-1,-1,-1,-1,4,-1,-1,-1,-1,3,4,4,0,-1,-1,4,-1,3,4,-1,-1,-1,-1,5,-1,3,5,4,-1,-1,5,5,4,5,-1,-1,-1,4,-1,-1,3,2,-1,-1,-1,5,4,4,-1,-1,-1,-1,3,-1,4,4,-1,4,-1,-1,4,5,4,-1,3,-1,-1,5,5,-1,-1,-1,-1,-1,3,-1,-1,3,4,4,-1,4,-1,4,-1,3,-1,4,-1,4,-1,-1,-1,5,3,-1,3,3,4,3,-1,3,-1,-1,3,-1,-1,-1,4,-1,4,-1,4,-1,4,3,-1,-1,5,3,5,3,4,-1,3,-1
817,-1,-1,-1,-1,-1,-1,-1,-1,-1,-1,-1,-1,-1,-1,-1,-1,-1,-1,-1,-1,-1,-1,-1,-1,-1,-1,-1,-1,-1,-1,-1,-1,-1,-1,-1,-1,-1,-1,-1,-1,-1,-1,-1,-1,-1,-1,-1,-1,-1,-1,-1,-1,-1,-1,-1,-1,-1,-1,-1,-1,-1,-1,-1,-1,-1,-1,-1,-1,-1,-1,-1,-1,-1,-1,-1,-1,-1,-1,-1,-1,-1,-1,-1,-1,-1,-1,-1,-1,-1,-1,-1,-1,-1,-1,-1,-1,-1,-1,-1,-1,-1,-1,-1,-1,-1,-1,-1,-1,-1,-1,-1,-1,-1,-1,-1,-1,-1,-1,-1,-1,-1,-1,-1,-1,-1,-1,-1,-1,-1,-1,-1,-1
829,5,-1,-1,4,3,-1,-1,3,2,5,-1,-1,-1,-1,5,3,4,4,3,-1,3,-1,-1,4,4,-1,5,-1,-1,5,-1,3,-1,3,4,-1,-1,4,5,-1,4,5,4,-1,5,-1,3,4,3,4,4,-1,-1,-1,5,-1,4,-1,4,5,5,-1,4,-1,3,4,-1,5,4,4,5,4,-1,5,2,4,-1,5,4,5,3,-1,4,5,4,-1,-1,4,5,5,3,4,-1,4,-1,5,5,5,3,5,4,4,4,-1,4,3,-1,-1,4,-1,-1,-1,5,4,3,-1,-1,-1,4,5,-1,4,-1,-1,4,5,-1,5,-1,5,4,5
837,5,-1,-1,-1,5,5,-1,-1,3,4,5,-1,-1,-1,4,2,4,-1,1,-1,-1,3,-1,3,-1,-1,-1,-1,-1,-1,-1,3,4,4,3,3,4,3,2,3,-1,3,2,-1,4,-1,-1,2,-1,-1,3,4,4,5,-1,-1,3,-1,-1,4,-1,5,5,4,-1,-1,5,-1,3,5,2,3,-1,5,4,3,3,-1,4,-1,3,-1,-1,4,4,4,-1,3,5,4,3,1,3,-1,-1,4,5,-1,1,4,4,4,5,3,-1,4,-1,-1,4,5,-1,4,5,-1,4,3,-1,-1,-1,3,4,4,-1,4,5,4,2,4,-1,3,2,4
864,5,5,-1,4,3,-1,-1,3,-1,-1,5,4,-1,5,-1,5,4,5,3,-1,-1,4,2,5,-1,4,-1,-1,-1,5,-1,-1,5,-1,5,-1,5,4,4,5,4,-1,5,-1,5,4,2,3,-1,4,-1,5,3,-1,5,-1,-1,4,3,5,5,5,4,4,-1,2,4,2,3,-1,2,3,-1,5,4,-1,-1,-1,-1,4,4,-1,-1,3,5,4,-1,4,5,5,3,3,-1,5,-1,5,5,5,4,5,4,4,5,4,-1,3,-1,4,4,2,4,-1,-1,4,-1,-1,-1,-1,4,5,-1,3,-1,4,4,4,4,-1,-1,4,3,5
865,-1,-1,-1,-1,-1,-1,-1,-1,-1,-1,-1,-1,-1,-1,-1,-1,-1,-1,-1,-1,-1,-1,-1,-1,-1,-1,-1,-1,-1,-1,-1,-1,-1,-1,-1,-1,-1,-1,-1,-1,-1,-1,-1,-1,-1,-1,-1,-1,-1,-1,-1,-1,-1,-1,-1,-1,-1,-1,-1,-1,-1,-1,-1,-1,-1,-1,-1,-1,-1,-1,-1,-1,-1,-1,-1,-1,-1,-1,-1,-1,-1,-1,-1,-1,-1,-1,-1,-1,-1,-1,-1,-1,-1,-1,-1,-1,-1,-1,-1,-1,-1,-1,-1,-1,-1,-1,-1,-1,-1,-1,-1,-1,-1,-1,-1,-1,-1,-1,-1,-1,-1,-1,-1,-1,-1,-1,-1,-1,-1,-1,-1,-1
866,-1,-1,-1,-1,-1,-1,-1,-1,-1,-1,-1,-1,-1,-1,-1,-1,-1,-1,-1,-1,-1,-1,-1,-1,-1,-1,-1,-1,-1,-1,-1,-1,-1,-1,-1,-1,-1,-1,-1,-1,-1,-1,-1,-1,-1,-1,-1,-1,-1,-1,-1,-1,-1,-1,-1,-1,-1,-1,-1,-1,-1,-1,-1,-1,-1,-1,-1,-1,-1,-1,-1,-1,-1,-1,-1,-1,-1,-1,-1,-1,-1,-1,-1,-1,-1,-1,-1,-1,-1,-1,-1,-1,-1,-1,-1,-1,-1,-1,-1,-1,-1,-1,-1,-1,-1,-1,-1,-1,-1,-1,-1,-1,-1,-1,-1,-1,-1,-1,-1,-1,-1,-1,-1,-1,-1,-1,-1,-1,-1,-1,-1,-1
867,-1,-1,-1,-1,-1,-1,-1,-1,-1,-1,-1,-1,-1,-1,-1,-1,-1,-1,-1,-1,-1,-1,-1,-1,-1,-1,-1,-1,-1,-1,-1,-1,-1,-1,-1,-1,-1,-1,-1,-1,-1,-1,-1,-1,-1,-1,-1,-1,-1,-1,-1,-1,-1,-1,-1,-1,-1,-1,-1,-1,-1,-1,-1,-1,-1,-1,-1,-1,-1,-1,-1,-1,-1,-1,-1,-1,-1,-1,-1,-1,-1,-1,-1,-1,-1,-1,-1,-1,-1,-1,-1,-1,-1,-1,-1,-1,-1,-1,-1,-1,-1,-1,-1,-1,-1,-1,-1,-1,-1,-1,-1,-1,-1,-1,-1,-1,-1,-1,-1,-1,-1,-1,-1,-1,-1,-1,-1,-1,-1,-1,-1,-1
897,-1,-1,-1,4,4,-1,-1,-1,-1,-1,-1,-1,-1,4,4,4,5,-1,3,5,-1,4,-1,4,4,-1,4,-1,-1,-1,5,-1,-1,3,4,-1,-1,4,4,4,-1,-1,-1,-1,-1,-1,-1,-1,5,5,-1,4,-1,-1,4,-1,4,-1,4,5,5,5,5,2,-1,4,-1,5,3,-1,-1,4,-1,5,4,-1,5,-1,-1,-1,-1,-1,5,-1,4,-1,-1,4,5,4,-1,-1,-1,4,-1,5,-1,-1,-1,5,3,4,3,3,-1,-1,5,-1,4,1,-1,-1,-1,3,-1,-1,-1,-1,4,4,-1,4,-1,-1,5,-1,-1,4,-1,4,3,-1
899,5,5,-1,4,4,-1,4,4,-1,3,5,-1,5,4,4,5,3,4,5,-1,4,4,-1,4,4,-1,-1,-1,-1,5,-1,2,4,3,-1,4,-1,3,3,5,4,5,3,5,5,3,5,4,5,-1,-1,5,4,5,5,5,5,4,4,-1,-1,4,5,4,4,4,5,5,3,5,4,3,4,5,5,4,-1,4,4,-1,4,4,3,4,5,3,5,4,5,5,3,3,3,5,5,5,5,4,2,5,5,5,5,4,-1,-1,-1,4,5,-1,4,4,5,4,5,3,-1,2,5,4,4,5,-1,3,5,5,4,3,-1,4,4,5
900,5,5,-1,-1,5,-1,-1,2,-1,5,5,-1,-1,5,-1,-1,4,4,5,-1,-1,4,2,5,3,-1,-1,3,-1,5,-1,-1,5,-1,-1,-1,4,5,3,4,-1,5,4,5,4,-1,-1,3,4,4,-1,4,4,-1,4,-1,-1,4,4,5,-1,4,-1,-1,4,3,5,4,3,-1,3,-1,3,4,4,-1,-1,-1,-1,4,4,1,5,4,3,4,-1,4,5,5,-1,-1,-1,4,-1,-1,5,-1,-1,5,4,-1,4,5,-1,-1,-1,4,5,-1,4,-1,5,-1,5,5,3,2,3,-1,-1,4,-1,3,5,3,5,3,5,-1,-1,4
901,5,3,-1,4,5,-1,4,2,-1,-1,4,3,-1,5,4,5,-1,3,5,-1,4,4,-1,5,3,-1,4,-1,-1,-1,-1,-1,4,4,4,3,-1,3,3,5,3,4,4,4,5,4,5,4,5,3,4,4,4,4,4,-1,5,-1,4,4,-1,5,5,4,4,4,5,3,4,-1,5,-1,-1,5,3,-1,5,4,-1,4,4,-1,4,5,5,4,5,4,-1,5,4,-1,-1,-1,-1,5,5,-1,3,4,4,4,5,4,-1,4,-1,4,5,-1,4,4,4,4,5,-1,-1,2,5,4,5,5,-1,3,5,3,4,4,-1,3,-1,5
903,-1,-1,-1,-1,3,-1,2,4,2,-1,-1,-1,5,4,-1,2,-1,5,2,-1,3,4,-1,5,-1,-1,-1,-1,-1,5,-1,-1,5,4,-1,1,-1,-1,4,5,4,3,-1,-1,5,3,3,-1,5,5,-1,-1,-1,4,4,-1,3,-1,4,-1,-1,3,-1,-1,-1,4,4,3,-1,4,5,-1,-1,4,4,4,-1,4,-1,-1,-1,-1,5,5,5,-1,-1,3,3,5,3,3,4,5,-1,2,5,-1,2,4,3,-1,4,4,1,4,-1,-1,5,-1,-1,-1,5,-1,4,4,-1,-1,4,4,5,4,-1,3,5,5,2,4,-1,3,4,5
908,5,-1,-1,4,-1,-1,-1,2,5,-1,-1,4,-1,4,-1,-1,-1,5,3,5,-1,-1,-1,5,5,3,5,1,-1,-1,4,3,5,-1,5,-1,-1,1,5,-1,4,5,4,-1,4,4,-1,-1,5,4,4,4,-1,-1,5,3,4,-1,4,3,-1,4,-1,-1,-1,3,-1,5,3,5,-1,3,-1,4,4,4,5,3,-1,4,4,-1,-1,2,-1,-1,-1,5,5,5,3,4,4,4,-1,4,5,4,3,5,3,-1,4,-1,-1,-1,-1,-1,-1,0,3,-1,4,-1,2,-1,-1,-1,-1,4,-1,3,-1,-1,5,4,5,5,-1,4,3,-1
910,4,-1,-1,3,-1,-1,-1,3,2,-1,-1,4,-1,4,-1,5,5,-1,3,-1,-1,5,-1,2,4,-1,5,-1,-1,5,-1,-1,-1,-1,4,5,-1,-1,5,-1,-1,-1,5,-1,4,-1,-1,-1,-1,5,3,-1,-1,-1,5,-1,-1,-1,4,5,4,4,5,-1,-1,4,-1,-1,-1,5,4,4,-1,4,2,4,-1,-1,3,5,3,-1,5,5,4,2,-1,5,5,5,-1,3,-1,3,-1,4,-1,-1,3,5,3,5,4,-1,-1,-1,4,-1,-1,-1,-1,-1,5,4,-1,-1,-1,-1,-1,3,-1,4,3,-1,5,5,-1,5,-1,4,3,5
912,5,-1,-1,4,3,-1,4,4,-1,5,5,-1,-1,4,4,4,3,3,5,-1,4,4,-1,4,3,-1,-1,-1,-1,5,4,2,4,3,-1,5,-1,3,2,5,4,5,2,5,3,3,5,4,4,-1,-1,5,5,5,5,5,4,4,4,4,-1,4,-1,4,4,4,5,5,3,5,3,4,-1,4,5,3,-1,-1,4,-1,4,-1,4,5,5,3,4,4,4,5,3,3,3,4,5,5,4,3,1,3,4,4,3,4,-1,-1,-1,-1,4,2,4,4,5,4,4,-1,-1,1,5,4,4,4,4,4,5,5,4,3,5,4,4,5
915,5,4,-1,4,-1,-1,-1,4,2,5,5,-1,-1,-1,-1,4,5,3,3,-1,-1,3,-1,4,5,-1,5,-1,-1,5,-1,-1,4,3,4,4,-1,4,5,-1,-1,4,4,4,-1,-1,-1,2,5,4,4,-1,-1,-1,5,-1,4,-1,4,5,4,4,5,-1,-1,4,-1,5,4,-1,5,-1,-1,4,3,4,4,3,-1,-1,5,-1,4,5,5,-1,-1,3,4,5,-1,-1,-1,4,-1,5,-1,-1,4,4,3,-1,4,-1,4,-1,-1,-1,4,-1,-1,-1,5,-1,4,-1,-1,-1,4,4,-1,4,-1,-1,-1,4,2,4,-1,-1,4,5
916,4,-1,-1,4,4,-1,1,3,0,-1,-1,-1,5,-1,-1,2,4,4,2,-1,3,3,-1,5,-1,-1,4,-1,-1,5,-1,-1,4,4,-1,2,-1,2,4,4,4,2,4,3,4,-1,3,-1,-1,5,-1,-1,-1,5,4,-1,4,-1,4,-1,-1,3,4,3,-1,4,4,4,2,4,4,-1,-1,-1,4,4,4,5,4,-1,-1,-1,4,5,5,-1,5,4,4,5,4,3,4,5,-1,3,4,-1,3,5,4,4,5,4,1,4,-1,-1,4,-1,-1,-1,5,3,4,4,-1,-1,4,4,-1,4,4,4,5,5,2,5,-1,4,4,4
923,-1,-1,-1,5,-1,-1,2,4,-1,5,4,-1,-1,5,5,4,5,-1,3,-1,3,-1,-1,4,4,-1,4,-1,-1,-1,4,3,-1,3,4,5,-1,4,4,-1,-1,3,-1,-1,4,-1,2,4,-1,-1,4,-1,-1,-1,5,-1,4,-1,3,4,5,-1,5,4,4,3,-1,5,4,-1,4,-1,-1,5,-1,-1,4,-1,-1,-1,5,-1,4,5,5,-1,-1,4,4,5,3,-1,4,-1,-1,5,5,4,4,5,5,-1,5,3,-1,-1,-1,-1,-1,-1,-1,-1,-1,-1,-1,-1,-1,-1,3,4,3,5,-1,3,5,4,-1,5,-1,4,4,5
924,5,-1,-1,4,-1,-1,-1,4,2,5,-1,-1,-1,4,-1,2,4,4,2,-1,-1,-1,-1,-1,5,-1,4,-1,-1,5,-1,-1,-1,-1,4,4,-1,-1,5,-1,4,-1,-1,-1,-1,-1,3,-1,-1,4,4,5,-1,-1,5,-1,-1,-1,4,5,4,3,-1,-1,-1,4,-1,5,3,5,5,4,-1,3,5,-1,-1,4,3,4,-1,-1,4,3,5,-1,-1,4,4,5,4,3,-1,5,-1,-1,5,-1,3,5,4,5,3,-1,-1,-1,-1,-1,-1,-1,3,-1,4,4,4,-1,-1,-1,-1,5,-1,-1,-1,-1,5,3,-1,3,-1,4,3,4
940,5,-1,-1,4,4,-1,3,4,-1,-1,3,-1,-1,4,-1,-1,3,4,4,-1,-1,-1,-1,4,-1,-1,-1,-1,-1,-1,4,-1,5,3,-1,4,-1,-1,2,4,-1,3,5,-1,4,4,2,4,4,-1,3,4,4,-1,4,4,4,-1,4,-1,4,3,4,4,-1,4,5,3,2,4,5,-1,-1,-1,2,4,-1,-1,4,-1,-1,-1,4,3,5,2,-1,4,4,5,3,2,3,3,4,3,5,4,4,4,4,4,4,3,-1,3,-1,-1,4,-1,-1,-1,5,-1,4,5,-1,-1,4,3,-1,4,5,-1,4,3,3,4,-1,4,3,5
958,3,-1,-1,-1,2,-1,-1,-1,5,-1,5,4,-1,-1,-1,-1,3,4,3,-1,-1,4,-1,4,4,-1,4,-1,-1,-1,-1,4,-1,-1,-1,2,-1,4,4,-1,4,3,-1,-1,-1,4,-1,-1,2,5,-1,4,3,-1,-1,-1,3,-1,4,-1,4,3,4,-1,-1,-1,-1,5,3,-1,5,-1,-1,4,4,3,5,5,-1,-1,5,-1,-1,4,4,4,-1,4,5,-1,-1,-1,3,5,-1,-1,4,-1,2,5,4,4,5,-1,3,4,-1,-1,4,-1,-1,-1,5,-1,4,4,-1,-1,-1,-1,-1,4,-1,-1,-1,3,3,3,-1,4,4,5
965,4,4,-1,-1,4,-1,3,-1,3,5,3,-1,-1,5,4,3,4,3,2,-1,-1,3,1,4,-1,4,4,-1,-1,5,4,-1,5,3,5,2,4,4,4,5,4,4,4,-1,5,2,3,3,5,4,-1,4,4,-1,2,-1,4,-1,4,5,4,4,-1,-1,-1,3,5,-1,3,-1,4,4,-1,3,4,5,5,-1,4,4,4,2,-1,4,5,3,5,3,4,4,-1,-1,-1,5,4,4,5,5,-1,5,3,4,3,5,-1,3,4,3,4,3,4,-1,4,-1,4,4,-1,-1,-1,-1,4,4,-1,3,5,4,4,5,-1,-1,3,4
970,5,-1,-1,4,4,-1,5,-1,-1,4,3,-1,-1,4,4,5,-1,3,3,-1,4,3,1,3,-1,2,-1,-1,4,5,5,3,-1,3,3,5,4,5,3,-1,-1,5,-1,4,4,-1,3,3,5,-1,4,4,3,-1,-1,-1,4,-1,3,4,5,5,4,4,3,3,5,5,4,-1,2,2,4,4,4,4,4,-1,4,5,4,-1,-1,5,5,4,-1,2,4,5,-1,-1,-1,3,4,5,4,-1,1,3,4,4,5,4,-1,3,-1,-1,5,5,4,5,3,-1,4,-1,3,-1,4,3,4,4,-1,4,5,3,4,2,4,3,2,5
991,5,4,-1,4,5,-1,4,-1,-1,-1,5,3,-1,4,4,4,-1,-1,5,-1,4,3,-1,4,4,-1,-1,-1,-1,-1,-1,-1,4,3,3,3,-1,3,3,4,-1,-1,-1,3,4,4,5,4,5,-1,-1,4,3,3,4,-1,4,-1,3,-1,-1,5,-1,4,3,4,5,-1,3,-1,4,-1,-1,4,3,4,4,-1,-1,4,3,-1,2,5,5,3,-1,3,4,4,4,3,-1,4,-1,4,4,-1,-1,3,4,4,5,5,-1,4,-1,-1,4,-1,-1,4,-1,4,4,-1,-1,-1,5,4,4,4,-1,3,5,4,4,3,-1,4,4,4
1159,-1,-1,-1,3,5,-1,2,4,-1,-1,4,-1,-1,4,-1,3,3,3,3,-1,4,-1,-1,4,-1,-1,-1,-1,-1,-1,-1,3,-1,-1,-1,3,-1,2,4,4,1,1,-1,3,3,-1,3,5,4,-1,-1,4,-1,-1,4,4,4,-1,4,-1,-1,4,-1,-1,-1,4,4,-1,-1,-1,-1,4,3,-1,4,2,2,3,4,5,-1,2,3,-1,4,2,-1,3,2,5,4,4,2,5,4,3,4,5,-1,5,-1,4,3,3,-1,4,-1,-1,-1,-1,4,4,3,4,-1,4,-1,-1,4,4,-1,3,3,3,4,4,-1,-1,-1,4,4,4
1184,3,3,-1,3,2,-1,4,3,-1,4,3,2,5,4,3,2,3,-1,4,-1,4,-1,1,3,-1,3,-1,3,4,-1,4,-1,4,3,3,2,3,3,2,4,2,4,4,4,4,-1,5,3,5,-1,-1,3,3,4,4,-1,4,3,3,3,4,4,-1,4,4,3,5,-1,2,-1,4,4,-1,-1,4,-1,2,2,3,-1,3,-1,3,-1,5,4,-1,-1,2,4,3,1,-1,3,4,4,4,4,4,3,4,4,3,2,3,3,3,-1,-1,3,-1,4,2,4,3,-1,-1,-1,4,4,5,3,4,-1,3,3,-1,4,-1,2,3,-1
1268,-1,-1,-1,3,-1,-1,-1,1,3,3,4,2,-1,4,4,3,4,4,4,5,-1,-1,0,4,4,-1,-1,4,-1,5,-1,3,4,4,3,-1,5,3,3,-1,-1,4,-1,3,4,-1,-1,3,-1,-1,4,-1,4,-1,4,-1,3,-1,4,-1,4,4,-1,-1,-1,-1,4,4,4,-1,-1,4,3,3,3,4,4,3,4,3,3,-1,-1,-1,4,3,-1,3,4,4,3,3,-1,-1,4,3,-1,5,4,-1,4,4,4,3,4,2,4,4,4,1,4,5,-1,4,3,5,-1,-1,-1,4,-1,-1,-1,-1,-1,4,3,2,-1,4,4,5
1285,-1,1,-1,4,-1,-1,3,3,3,5,5,-1,-1,3,5,3,4,5,4,-1,-1,-1,-1,3,4,-1,4,4,-1,-1,-1,3,-1,4,4,-1,-1,5,4,-1,-1,4,2,4,-1,2,-1,4,4,-1,-1,4,-1,-1,5,-1,4,5,4,4,4,3,4,-1,-1,-1,4,4,3,-1,-1,-1,-1,-1,-1,-1,-1,3,4,4,5,5,-1,-1,-1,4,-1,4,3,5,4,-1,4,4,4,4,-1,3,-1,3,3,-1,5,4,-1,3,5,3,4,2,-1,-1,-1,4,4,5,-1,3,-1,4,5,-1,-1,4,5,4,-1,3,-1,4,4,-1
1292,-1,-1,-1,4,-1,-1,3,-1,5,-1,4,3,-1,2,4,-1,-1,-1,3,-1,2,-1,-1,-1,-1,-1,-1,4,-1,-1,-1,3,2,4,3,-1,5,5,-1,-1,-1,-1,3,2,-1,-1,-1,0,5,3,2,1,4,-1,-1,-1,2,4,3,-1,3,3,-1,4,-1,-1,5,3,2,-1,-1,-1,4,-1,3,-1,4,4,4,-1,4,-1,-1,-1,2,3,5,-1,-1,4,3,1,4,3,3,-1,-1,2,2,-1,4,3,4,2,3,3,5,-1,4,3,-1,4,-1,3,3,-1,-1,-1,1,4,-1,3,4,-1,4,3,3,3,-1,4,2,3
1299,5,4,-1,4,3,-1,-1,4,4,-1,5,3,-1,-1,4,0,5,-1,0,5,-1,-1,2,-1,5,-1,-1,-1,4,5,4,2,4,-1,3,-1,-1,3,4,-1,5,3,-1,-1,-1,3,-1,-1,5,-1,3,5,-1,-1,-1,3,4,-1,3,-1,4,5,-1,-1,5,5,-1,4,4,-1,4,4,5,3,5,4,5,4,4,5,-1,-1,3,-1,5,-1,-1,3,3,5,-1,-1,-1,4,2,-1,5,5,-1,5,3,-1,3,5,-1,-1,5,3,-1,-1,-1,-1,4,4,5,-1,-1,-1,-1,4,-1,4,-1,-1,4,5,3,5,-1,4,4,4
1405,-1,3,-1,-1,4,-1,-1,-1,-1,4,5,-1,-1,-1,-1,2,-1,4,4,-1,4,-1,3,3,-1,-1,-1,-1,-1,4,-1,2,5,-1,4,-1,4,1,3,-1,-1,-1,5,4,-1,-1,-1,2,-1,4,3,2,3,-1,4,-1,3,4,3,2,-1,4,-1,-1,1,2,-1,-1,3,-1,5,-1,-1,-1,5,4,-1,3,4,3,4,-1,-1,-1,-1,-1,-1,3,4,5,3,-1,-1,3,-1,4,-1,4,3,3,3,-1,4,4,4,3,-1,-1,-1,-1,3,4,-1,4,-1,-1,-1,-1,4,4,-1,2,4,-1,5,3,3,4,-1,3,3,5
1446,-1,4,-1,-1,2,-1,-1,-1,-1,4,4,2,-1,4,-1,4,3,4,3,-1,-1,-1,-1,3,4,-1,-1,-1,-1,4,-1,4,4,-1,3,-1,-1,3,5,-1,-1,3,-1,4,5,3,4,3,-1,-1,-1,4,-1,-1,-1,-1,-1,-1,4,4,4,3,-1,3,3,3,-1,5,4,-1,2,3,3,2,5,-1,-1,-1,4,3,4,4,3,-1,-1,5,-1,3,4,5,3,-1,-1,-1,-1,3,5,-1,4,5,3,4,3,3,4,4,-1,-1,4,-1,4,-1,5,-1,4,5,5,-1,-1,-1,-1,-1,-1,3,5,3,-1,-1,-1,4,4,4
1504,4,-1,-1,4,-1,-1,-1,3,2,5,5,-1,-1,5,4,3,4,4,4,5,3,-1,-1,4,4,-1,5,-1,-1,-1,-1,-1,4,5,-1,5,5,-1,3,-1,-1,4,4,-1,4,2,4,4,5,-1,3,-1,5,3,5,-1,4,4,4,-1,4,3,4,4,-1,-1,5,4,-1,4,5,3,-1,2,3,4,5,4,3,4,4,-1,5,-1,5,-1,4,-1,2,5,4,3,-1,5,4,-1,5,4,2,4,3,4,4,4,-1,3,4,3,4,3,-1,4,5,3,4,3,-1,-1,5,5,2,4,4,-1,5,3,-1,5,-1,4,4,5
1505,-1,-1,-1,-1,-1,-1,-1,-1,-1,-1,-1,-1,-1,-1,-1,-1,-1,-1,-1,-1,-1,-1,-1,-1,-1,-1,-1,-1,-1,-1,-1,-1,-1,-1,-1,-1,-1,-1,-1,-1,-1,-1,-1,-1,-1,-1,-1,-1,-1,-1,-1,-1,-1,-1,-1,-1,-1,-1,-1,-1,-1,-1,-1,-1,-1,-1,-1,-1,-1,-1,-1,-1,-1,-1,-1,-1,-1,-1,-1,-1,-1,-1,-1,-1,-1,-1,-1,-1,-1,-1,-1,-1,-1,-1,-1,-1,-1,-1,-1,-1,-1,-1,-1,-1,-1,-1,-1,-1,-1,-1,-1,-1,-1,-1,-1,-1,-1,-1,-1,-1,-1,-1,-1,-1,-1,-1,-1,-1,-1,-1,-1,-1
1577,5,-1,-1,4,3,-1,4,-1,2,4,4,-1,-1,3,4,4,3,3,4,-1,4,-1,-1,3,-1,-1,-1,-1,-1,-1,-1,-1,4,-1,3,3,-1,3,4,4,-1,3,-1,4,3,-1,5,3,4,-1,-1,4,3,3,4,-1,3,-1,4,-1,4,3,-1,4,3,3,-1,1,3,-1,2,-1,-1,4,-1,-1,-1,-1,3,3,4,-1,2,-1,5,3,-1,3,2,4,4,3,-1,4,-1,4,5,-1,1,3,2,4,5,4,-1,4,-1,-1,4,3,-1,4,4,4,4,-1,-1,-1,5,3,-1,3,-1,-1,3,3,3,3,-1,3,3,-1
1735,5,-1,-1,4,-1,-1,-1,2,4,5,5,-1,-1,-1,4,4,4,-1,2,-1,-1,-1,-1,-1,5,-1,4,3,4,-1,-1,4,-1,-1,-1,3,-1,-1,4,-1,3,5,3,-1,-1,-1,-1,3,5,-1,3,4,5,-1,5,-1,4,-1,4,-1,4,4,4,-1,-1,-1,-1,5,5,-1,-1,-1,-1,3,4,3,-1,4,4,-1,4,-1,-1,-1,-1,4,-1,4,-1,5,4,3,4,5,-1,-1,-1,4,-1,-1,4,-1,5,3,5,-1,-1,-1,-1,-1,-1,4,5,4,3,-1,-1,-1,5,4,-1,3,-1,-1,-1,4,4,3,-1,4,4,-1
1940,5,1,-1,4,4,-1,4,4,2,5,5,2,-1,5,5,3,4,5,4,-1,4,-1,-1,5,4,-1,4,0,4,5,5,4,5,4,3,4,4,3,5,3,4,5,4,5,4,3,3,5,5,2,4,4,4,5,5,5,5,4,4,5,5,3,-1,4,-1,4,4,5,3,3,5,3,-1,2,3,5,-1,4,4,4,-1,-1,4,-1,4,5,5,4,5,5,3,4,3,5,5,2,5,5,0,4,4,4,5,4,-1,4,5,3,4,2,4,4,5,4,4,5,-1,-1,5,5,5,4,5,4,-1,5,3,5,-1,5,5,5
1980,4,1,-1,-1,3,-1,4,4,-1,3,4,-1,-1,3,4,-1,-1,3,3,-1,3,-1,-1,4,3,3,-1,-1,-1,-1,-1,2,2,4,-1,2,4,2,1,4,1,2,2,3,4,-1,4,1,3,-1,-1,2,4,3,3,-1,3,3,2,-1,-1,4,-1,4,4,3,5,2,4,3,2,3,2,-1,3,-1,-1,3,3,-1,3,-1,-1,-1,4,3,3,-1,1,4,3,3,4,0,3,2,4,5,0,3,4,4,2,3,-1,1,-1,-1,-1,-1,3,3,5,4,2,-1,-1,0,3,4,-1,2,4,-1,3,3,1,1,-1,3,4,3
2015,-1,4,-1,2,3,-1,2,2,-1,4,4,-1,0,3,-1,3,4,4,3,-1,4,-1,2,3,-1,3,-1,3,4,-1,-1,3,4,0,3,-1,5,1,4,3,-1,-1,4,4,-1,-1,-1,4,3,0,-1,4,-1,-1,3,-1,3,1,4,-1,4,-1,-1,3,1,2,-1,-1,3,-1,-1,-1,-1,-1,3,-1,-1,1,-1,-1,3,-1,-1,-1,3,3,-1,3,5,4,3,2,0,3,3,4,5,5,3,2,3,3,4,3,-1,1,5,4,-1,0,-1,4,5,3,-1,-1,-1,-1,4,3,-1,2,-1,-1,5,3,2,4,4,-1,3,-1
2032,-1,-1,-1,3,3,-1,5,3,-1,5,4,-1,-1,4,-1,-1,2,4,4,3,-1,-1,4,2,3,-1,-1,-1,-1,-1,-1,2,4,-1,-1,2,5,2,2,-1,-1,4,1,-1,-1,-1,-1,2,-1,-1,3,3,3,-1,4,-1,4,-1,3,-1,-1,-1,-1,-1,-1,3,-1,4,2,-1,-1,-1,-1,-1,2,-1,5,4,4,3,3,-1,-1,-1,-1,3,-1,-1,3,5,-1,3,3,2,3,3,5,5,-1,-1,-1,-1,3,3,4,2,4,-1,-1,-1,-1,4,5,2,-1,-1,-1,-1,4,-1,-1,2,3,-1,5,2,1,2,-1,1,2,-1
2039,5,-1,-1,-1,4,-1,3,1,-1,3,4,-1,-1,5,-1,5,-1,3,2,-1,-1,-1,1,4,3,-1,-1,-1,-1,-1,-1,-1,-1,4,3,4,-1,4,-1,3,-1,2,-1,-1,4,3,4,4,5,-1,4,4,3,-1,4,3,4,-1,3,4,4,3,-1,4,-1,3,-1,4,3,4,2,-1,4,-1,4,-1,2,-1,4,5,4,3,-1,-1,5,4,-1,3,4,5,2,2,-1,5,-1,5,-1,-1,-1,4,4,4,4,3,-1,4,-1,-1,4,2,4,4,-1,3,5,-1,-1,-1,-1,4,-1,4,4,-1,5,4,4,3,-1,3,3,5
2079,-1,4,-1,4,4,-1,0,3,-1,-1,5,-1,5,5,4,-1,4,5,2,-1,-1,-1,-1,4,-1,-1,4,-1,-1,5,-1,-1,3,-1,-1,5,4,-1,4,-1,-1,1,4,-1,5,-1,4,2,5,3,2,-1,5,-1,-1,-1,4,-1,4,-1,4,3,4,4,-1,-1,2,4,2,4,4,-1,4,2,4,4,4,4,3,4,5,-1,4,-1,5,5,-1,2,2,3,3,3,4,5,4,4,5,4,2,5,5,4,4,3,4,3,4,4,4,-1,-1,4,4,4,4,4,-1,-1,4,4,3,3,4,4,5,3,3,5,-1,4,4,4
2146,5,5,-1,-1,4,-1,2,4,4,-1,5,-1,-1,5,-1,5,2,5,5,5,-1,-1,-1,-1,-1,-1,5,4,-1,-1,5,4,4,4,4,5,-1,4,5,-1,4,5,5,3,4,3,-1,5,-1,5,-1,4,-1,-1,5,-1,4,4,5,4,4,-1,4,-1,3,4,2,5,4,-1,4,3,-1,-1,4,4,5,5,4,4,3,1,4,-1,-1,-1,-1,4,4,5,3,3,3,5,-1,4,4,5,3,5,3,4,4,4,4,4,-1,-1,4,1,4,3,5,4,3,5,-1,-1,2,5,-1,3,-1,-1,5,5,4,5,-1,4,5,3
2196,-1,-1,-1,3,5,-1,-1,-1,-1,4,5,-1,-1,5,-1,3,3,4,4,-1,-1,-1,1,3,5,-1,-1,3,-1,4,4,-1,-1,-1,3,2,-1,4,4,-1,-1,-1,4,5,4,2,3,3,-1,4,-1,4,3,-1,4,-1,3,3,4,5,4,3,-1,3,4,3,-1,5,3,-1,3,-1,-1,2,4,-1,-1,-1,-1,5,4,3,-1,-1,4,4,-1,3,4,5,3,-1,-1,3,4,4,5,-1,-1,4,4,4,4,-1,-1,-1,4,-1,4,-1,4,-1,4,-1,4,5,3,-1,5,1,-1,4,-1,3,5,3,4,4,-1,-1,4,3
2227,5,2,-1,4,5,-1,2,3,4,3,5,3,-1,-1,5,5,4,5,2,-1,-1,-1,-1,4,5,-1,5,5,-1,5,5,4,5,-1,-1,4,-1,4,5,-1,3,5,-1,5,5,4,-1,4,1,5,3,4,4,-1,5,4,5,-1,5,5,4,3,3,2,-1,5,-1,4,4,-1,5,-1,-1,5,4,4,4,5,4,5,4,-1,-1,-1,4,5,5,4,4,5,4,4,3,5,3,4,-1,5,3,-1,4,-1,4,4,5,4,5,-1,2,-1,3,-1,4,4,4,4,-1,-1,5,5,-1,3,-1,4,-1,5,4,4,-1,5,5,5
2373,5,-1,-1,4,-1,-1,-1,2,-1,-1,5,-1,-1,-1,5,-1,4,-1,3,-1,-1,-1,-1,2,-1,-1,5,-1,5,-1,4,-1,-1,3,-1,4,4,-1,4,-1,-1,5,-1,-1,4,-1,-1,-1,4,-1,-1,-1,5,-1,4,-1,4,4,3,-1,4,3,-1,4,-1,-1,-1,5,4,4,-1,4,3,-1,4,-1,5,5,3,4,4,4,4,-1,-1,-1,-1,-1,-1,4,4,-1,4,4,-1,-1,5,-1,-1,5,4,-1,4,3,-1,4,-1,-1,-1,4,-1,-1,5,4,-1,4,-1,-1,-1,3,4,4,-1,3,-1,3,3,4,-1,3,4,2
2675,5,-1,-1,4,3,4,2,4,4,3,5,-1,-1,4,4,3,-1,3,4,-1,4,-1,-1,3,-1,-1,4,-1,5,-1,-1,-1,2,4,3,5,-1,-1,3,4,2,3,4,4,-1,3,-1,4,-1,-1,4,4,5,-1,4,-1,4,-1,3,4,4,2,-1,3,-1,3,-1,5,3,-1,5,-1,-1,-1,4,3,5,4,3,4,4,1,3,-1,4,-1,-1,3,1,5,4,3,4,3,5,4,4,5,2,-1,3,-1,4,3,-1,0,5,3,-1,1,3,4,-1,4,5,3,-1,-1,3,4,5,4,4,3,-1,3,-1,4,-1,3,4,5
2837,5,-1,-1,4,4,3,3,3,-1,2,5,-1,-1,-1,3,3,3,-1,4,5,3,-1,-1,4,-1,-1,3,-1,4,4,-1,3,4,-1,-1,1,-1,4,2,-1,-1,-1,-1,4,5,-1,-1,3,5,-1,-1,3,4,4,4,-1,4,4,3,2,-1,3,-1,3,-1,2,-1,-1,3,3,3,-1,-1,0,4,3,-1,3,4,3,-1,3,-1,-1,5,4,-1,-1,2,4,-1,2,4,4,4,4,4,3,4,-1,4,4,4,3,-1,3,-1,3,-1,-1,3,4,3,3,3,-1,-1,2,4,4,5,3,4,4,-1,3,3,-1,-1,-1,4,3
2984,-1,4,-1,-1,-1,3,-1,2,3,-1,5,-1,-1,-1,-1,4,4,-1,3,-1,-1,-1,-1,4,-1,-1,4,-1,-1,-1,-1,4,5,-1,3,5,-1,-1,4,-1,3,3,-1,-1,-1,-1,-1,4,4,4,-1,-1,3,-1,2,4,-1,4,-1,4,-1,-1,-1,-1,-1,3,-1,4,-1,-1,1,-1,-1,-1,4,4,3,-1,4,3,-1,1,-1,-1,3,3,-1,4,5,5,3,4,-1,4,5,3,5,5,3,-1,4,-1,4,4,-1,4,-1,3,-1,0,4,-1,-1,4,3,-1,-1,-1,0,4,-1,3,-1,4,-1,4,2,5,-1,4,4,5
3142,-1,2,-1,4,-1,3,-1,3,4,-1,-1,3,-1,-1,-1,3,4,5,4,4,-1,-1,-1,4,5,4,3,3,-1,-1,4,4,5,3,4,-1,-1,-1,4,-1,4,4,4,4,-1,-1,-1,5,5,-1,-1,-1,5,4,-1,5,5,5,4,5,4,4,-1,-1,-1,3,-1,3,4,-1,4,4,4,-1,5,5,4,5,-1,5,-1,0,-1,-1,5,4,5,4,5,5,3,-1,3,5,4,4,-1,5,-1,-1,5,4,4,4,-1,4,-1,-1,-1,-1,4,-1,-1,3,-1,-1,-1,3,5,5,-1,3,-1,4,-1,4,4,5,-1,4,4,5
3195,-1,-1,-1,4,-1,5,4,-1,3,-1,5,2,-1,-1,1,2,3,5,5,2,4,-1,3,5,3,4,4,3,4,-1,-1,3,4,3,-1,4,5,4,4,5,-1,-1,-1,3,-1,4,-1,4,5,-1,-1,4,4,5,4,-1,3,4,3,3,4,4,-1,4,-1,2,-1,-1,2,-1,-1,3,-1,4,4,4,4,3,4,-1,4,1,-1,-1,5,4,-1,-1,4,4,4,1,4,3,4,-1,-1,5,-1,-1,4,4,3,4,-1,4,-1,4,4,4,3,4,-1,3,-1,5,-1,-1,4,4,-1,4,-1,4,-1,2,3,-1,3,4,4,3
3196,-1,-1,-1,-1,-1,-1,-1,-1,-1,-1,-1,-1,-1,-1,-1,-1,-1,-1,-1,-1,-1,-1,-1,-1,-1,-1,-1,-1,-1,-1,-1,-1,-1,-1,-1,-1,-1,-1,4,-1,-1,-1,-1,-1,-1,-1,-1,-1,-1,-1,-1,-1,-1,-1,-1,-1,-1,-1,-1,-1,-1,-1,-1,-1,-1,-1,-1,-1,-1,-1,-1,-1,-1,-1,-1,-1,-1,-1,-1,-1,-1,-1,-1,-1,-1,-1,-1,-1,-1,-1,-1,-1,-1,-1,-1,-1,-1,-1,-1,-1,-1,-1,-1,-1,-1,-1,-1,-1,-1,-1,-1,-1,-1,-1,-1,-1,-1,-1,-1,-1,-1,-1,-1,-1,-1,-1,-1,-1,-1,-1,-1,-1
3563,-1,-1,-1,-1,-1,-1,-1,4,5,-1,-1,-1,4,-1,4,3,4,-1,2,5,-1,-1,-1,4,-1,-1,5,4,-1,-1,4,3,-1,-1,-1,-1,-1,-1,4,-1,3,-1,-1,5,-1,-1,-1,3,-1,3,-1,3,-1,-1,4,-1,4,-1,4,-1,-1,-1,-1,-1,-1,3,-1,5,5,4,-1,3,-1,1,4,-1,4,-1,4,5,5,-1,-1,-1,4,5,-1,4,-1,5,-1,4,-1,5,-1,4,-1,-1,2,-1,4,5,5,-1,-1,-1,-1,4,-1,-1,4,-1,-1,3,5,-1,-1,3,4,4,-1,3,-1,5,-1,3,-1,-1,-1,-1,4,5
3564,-1,-1,-1,-1,-1,-1,-1,-1,-1,-1,-1,-1,-1,-1,-1,-1,-1,-1,-1,-1,-1,-1,-1,-1,-1,-1,-1,-1,-1,-1,-1,-1,-1,-1,-1,-1,-1,-1,3,-1,-1,-1,-1,-1,-1,-1,-1,-1,-1,-1,-1,-1,-1,-1,-1,-1,-1,-1,-1,-1,-1,-1,-1,-1,-1,-1,-1,-1,-1,-1,-1,-1,-1,-1,-1,-1,-1,-1,-1,-1,-1,-1,-1,-1,-1,-1,-1,-1,-1,-1,-1,-1,-1,-1,-1,-1,-1,-1,-1,-1,-1,-1,-1,-1,-1,-1,-1,-1,-1,-1,-1,-1,-1,-1,-1,-1,-1,-1,-1,-1,-1,-1,-1,-1,-1,-1,-1,-1,-1,-1,-1,-1
3569,-1,-1,-1,4,-1,4,3,-1,-1,-1,5,3,4,-1,-1,3,4,4,4,4,1,-1,4,4,3,4,3,3,4,5,-1,3,-1,4,-1,-1,5,5,4,-1,-1,3,-1,3,-1,-1,-1,3,4,-1,-1,4,4,-1,4,4,4,4,3,4,4,4,-1,4,-1,3,-1,-1,3,-1,-1,3,-1,-1,5,-1,4,-1,-1,-1,4,4,-1,-1,5,4,-1,-1,3,4,4,2,4,4,4,4,-1,-1,1,-1,3,-1,2,4,-1,-1,-1,3,-1,2,3,4,-1,-1,4,4,-1,-1,4,-1,5,-1,-1,3,-1,2,3,-1,3,4,4,4
3575,-1,4,-1,3,-1,4,4,-1,-1,-1,4,2,-1,-1,4,1,3,-1,5,-1,-1,-1,-1,4,2,4,3,4,-1,-1,-1,3,4,3,-1,-1,4,5,4,4,-1,-1,-1,4,-1,3,-1,2,5,-1,-1,3,3,-1,4,4,4,4,2,-1,-1,3,-1,4,-1,3,-1,3,3,-1,-1,3,-1,4,4,-1,2,-1,-1,-1,3,2,-1,-1,3,4,4,3,-1,2,3,3,-1,2,4,3,-1,-1,-1,-1,4,-1,3,4,-1,3,-1,3,-1,4,3,4,-1,3,-1,-1,-1,-1,-1,-1,-1,3,-1,3,-1,3,4,-1,3,4,3,4
3615,-1,-1,-1,4,-1,-1,4,-1,3,-1,5,-1,-1,-1,4,4,-1,-1,3,-1,-1,-1,-1,3,-1,3,4,4,5,4,-1,3,-1,3,-1,-1,4,4,4,-1,-1,4,3,4,-1,-1,-1,5,-1,-1,4,4,4,-1,4,4,4,-1,4,4,4,3,-1,3,-1,2,-1,4,-1,-1,-1,-1,3,3,3,3,-1,-1,3,-1,4,2,-1,-1,3,4,-1,3,-1,4,4,-1,3,4,4,4,4,-1,-1,-1,4,-1,3,4,-1,3,5,3,-1,0,4,4,-1,4,3,4,-1,-1,-1,4,4,3,-1,3,-1,4,1,-1,-1,4,4,4
3616,-1,-1,-1,-1,-1,-1,-1,-1,-1,-1,-1,-1,-1,-1,-1,-1,3,-1,-1,-1,-1,-1,-1,-1,-1,-1,-1,-1,-1,-1,-1,-1,-1,-1,-1,-1,-1,-1,-1,-1,-1,-1,-1,-1,-1,-1,-1,-1,-1,-1,-1,-1,-1,-1,-1,-1,-1,-1,-1,-1,-1,-1,-1,-1,-1,-1,-1,-1,-1,-1,-1,-1,-1,-1,-1,-1,-1,-1,-1,-1,-1,-1,-1,-1,-1,-1,-1,-1,-1,-1,-1,-1,-1,-1,-1,-1,-1,-1,-1,-1,-1,-1,-1,-1,-1,-1,-1,-1,-1,-1,-1,-1,-1,-1,-1,-1,-1,-1,-1,-1,-1,-1,-1,-1,-1,-1,-1,-1,-1,-1,-1,-1
3623,-1,-1,-1,4,-1,-1,3,-1,4,-1,-1,-1,-1,-1,4,-1,5,-1,2,-1,-1,-1,2,-1,5,5,4,-1,-1,-1,0,4,-1,-1,4,-1,-1,-1,4,-1,-1,4,2,5,-1,-1,-1,-1,-1,5,3,-1,-1,-1,-1,4,-1,4,-1,5,-1,-1,-1,-1,-1,3,-1,5,-1,-1,-1,4,-1,4,-1,4,5,3,4,5,-1,1,-1,-1,-1,5,-1,4,5,5,4,4,3,-1,-1,-1,-1,5,1,-1,5,4,4,5,-1,5,-1,4,-1,3,4,-1,-1,4,-1,-1,-1,-1,-1,4,-1,-1,-1,4,-1,5,4,-1,-1,4,-1,4
3639,-1,-1,-1,4,-1,5,1,3,-1,-1,5,-1,-1,-1,5,4,4,5,4,-1,4,-1,-1,4,4,3,4,-1,5,-1,-1,4,5,3,-1,2,4,2,3,5,4,2,-1,4,-1,3,-1,3,-1,-1,4,4,3,-1,5,5,5,4,3,4,-1,5,-1,3,-1,4,-1,5,3,-1,5,4,5,-1,3,4,3,5,-1,3,-1,3,-1,-1,5,4,5,3,5,5,4,3,3,5,3,4,-1,4,4,-1,5,4,3,4,-1,4,0,5,2,-1,-1,4,-1,4,5,-1,-1,3,5,4,5,4,-1,4,-1,4,5,-1,5,4,4,5
3641,-1,-1,-1,4,-1,5,-1,3,-1,-1,-1,-1,-1,-1,4,4,-1,-1,3,4,-1,-1,-1,-1,-1,-1,4,4,5,-1,4,3,-1,5,-1,-1,4,4,4,3,-1,4,-1,4,-1,-1,-1,4,-1,-1,4,4,4,-1,-1,-1,-1,4,4,-1,5,3,-1,-1,-1,3,-1,5,3,-1,-1,3,-1,0,-1,4,5,-1,4,3,4,4,-1,-1,-1,4,-1,3,4,4,4,-1,4,4,4,-1,-1,5,-1,-1,3,-1,4,4,-1,4,5,-1,4,3,3,4,-1,3,-1,5,-1,-1,-1,3,-1,4,-1,3,-1,2,3,-1,-1,4,4,-1
3642,-1,-1,-1,-1,-1,-1,-1,-1,-1,-1,-1,-1,-1,-1,-1,-1,-1,-1,-1,-1,-1,-1,-1,-1,-1,-1,-1,-1,-1,-1,-1,-1,-1,-1,-1,-1,-1,-1,-1,-1,-1,-1,-1,-1,-1,-1,-1,-1,-1,-1,-1,-1,-1,-1,-1,-1,-1,-1,-1,-1,-1,-1,-1,-1,-1,-1,-1,-1,-1,-1,-1,-1,-1,-1,-1,-1,-1,-1,-1,-1,-1,-1,-1,-1,-1,-1,-1,-1,-1,-1,-1,-1,-1,-1,-1,-1,-1,-1,-1,-1,3,-1,-1,-1,-1,-1,-1,-1,-1,-1,-1,-1,-1,-1,-1,-1,-1,-1,-1,-1,-1,-1,-1,-1,-1,-1,-1,-1,-1,-1,-1,-1
3820,-1,-1,-1,4,-1,3,3,3,-1,-1,5,-1,-1,-1,4,0,-1,4,4,-1,1,-1,-1,5,3,3,3,-1,-1,-1,-1,3,-1,3,-1,0,4,3,3,4,2,3,3,3,-1,-1,-1,3,4,-1,-1,4,4,-1,4,-1,4,4,3,4,4,4,-1,4,-1,2,-1,-1,4,3,4,-1,4,4,3,-1,-1,-1,4,3,-1,3,-1,-1,4,3,-1,-1,3,5,3,3,2,3,4,4,-1,4,1,-1,4,4,4,4,-1,3,-1,2,-1,-1,-1,3,-1,3,3,-1,-1,2,5,3,-1,3,-1,3,-1,3,3,-1,-1,4,3,4
3821,-1,-1,-1,-1,-1,-1,-1,-1,-1,-1,-1,-1,-1,-1,-1,-1,-1,-1,-1,-1,-1,-1,-1,-1,-1,-1,-1,-1,-1,-1,-1,-1,-1,-1,-1,-1,-1,-1,-1,-1,-1,-1,-1,-1,-1,-1,-1,-1,-1,-1,-1,-1,-1,-1,-1,-1,-1,-1,-1,-1,-1,-1,-1,-1,-1,-1,-1,-1,-1,-1,-1,-1,-1,-1,-1,-1,-1,-1,-1,-1,-1,-1,-1,-1,-1,-1,-1,-1,-1,-1,-1,-1,-1,-1,-1,-1,-1,-1,-1,-1,3,-1,-1,-1,-1,-1,-1,-1,-1,-1,-1,-1,-1,-1,-1,-1,-1,-1,-1,-1,-1,-1,-1,-1,-1,-1,-1,-1,-1,-1,-1,-1
3822,-1,-1,-1,-1,-1,-1,-1,-1,-1,-1,-1,-1,-1,-1,-1,-1,-1,-1,-1,-1,-1,-1,-1,-1,-1,-1,-1,-1,-1,-1,-1,-1,-1,-1,-1,-1,-1,-1,-1,-1,-1,-1,-1,-1,-1,-1,-1,-1,-1,-1,-1,-1,-1,-1,-1,-1,-1,-1,-1,-1,-1,-1,-1,-1,-1,-1,-1,-1,-1,-1,-1,-1,-1,-1,-1,-1,-1,-1,-1,-1,-1,-1,-1,-1,-1,-1,-1,-1,-1,-1,-1,-1,-1,-1,-1,0,-1,-1,-1,-1,-1,-1,-1,-1,-1,-1,-1,-1,-1,-1,-1,-1,-1,-1,-1,-1,-1,-1,-1,-1,-1,-1,-1,-1,-1,-1,-1,-1,-1,-1,-1,-1
3855,-1,-1,-1,4,-1,3,4,3,2,-1,5,-1,-1,-1,-1,4,3,5,4,-1,-1,-1,-1,4,-1,-1,3,0,4,-1,-1,-1,-1,4,-1,-1,-1,3,2,-1,-1,-1,4,4,-1,-1,-1,4,4,-1,-1,4,4,-1,5,-1,4,-1,3,4,4,3,-1,4,-1,-1,-1,3,3,-1,-1,-1,4,4,2,-1,-1,-1,4,3,-1,2,-1,-1,4,5,-1,-1,4,4,4,-1,4,4,4,3,-1,4,-1,-1,3,-1,2,4,-1,-1,-1,-1,-1,3,-1,4,-1,4,4,-1,-1,-1,-1,4,3,3,-1,3,-1,3,-1,-1,-1,4,4,4
3874,-1,-1,-1,4,-1,4,4,3,-1,-1,4,-1,-1,-1,4,4,4,3,3,-1,3,-1,-1,3,-1,-1,3,2,-1,-1,-1,-1,-1,3,-1,4,4,5,3,-1,3,5,-1,3,-1,-1,-1,3,-1,-1,-1,3,4,-1,4,-1,4,4,3,4,4,4,-1,4,-1,3,-1,3,3,4,-1,-1,4,-1,3,3,5,-1,3,3,4,1,-1,-1,4,3,-1,3,-1,5,4,3,4,3,2,4,-1,4,-1,-1,4,4,-1,4,-1,4,-1,-1,-1,-1,-1,4,-1,3,3,-1,-1,-1,4,4,4,3,-1,3,-1,2,-1,-1,-1,4,4,4
4077,-1,-1,-1,3,-1,4,4,-1,1,-1,-1,2,5,-1,4,-1,3,-1,5,-1,-1,-1,-1,-1,2,4,3,4,-1,-1,3,3,-1,-1,-1,-1,4,5,3,-1,-1,-1,-1,4,-1,-1,-1,2,4,-1,-1,2,3,-1,4,3,3,3,3,2,-1,3,-1,3,-1,3,-1,3,3,3,-1,3,-1,4,-1,-1,2,-1,-1,-1,4,2,-1,-1,3,4,4,-1,-1,3,3,2,-1,-1,4,-1,-1,4,-1,-1,4,3,3,3,-1,3,-1,3,-1,4,3,4,-1,3,-1,-1,-1,-1,-1,3,-1,3,-1,-1,-1,3,4,-1,3,4,3,4
4078,-1,-1,-1,-1,-1,-1,-1,-1,-1,-1,-1,-1,-1,-1,-1,-1,-1,-1,-1,-1,-1,-1,-1,-1,-1,-1,-1,-1,-1,-1,-1,-1,-1,-1,-1,-1,-1,-1,-1,-1,-1,-1,-1,-1,-1,-1,-1,-1,-1,-1,-1,-1,-1,-1,-1,-1,-1,-1,-1,-1,-1,-1,-1,-1,-1,-1,-1,-1,-1,-1,-1,-1,-1,-1,-1,-1,-1,-1,-1,-1,-1,-1,-1,-1,-1,-1,-1,-1,-1,4,-1,-1,-1,-1,-1,-1,-1,-1,-1,-1,-1,-1,-1,-1,-1,-1,-1,-1,-1,-1,-1,-1,-1,-1,-1,-1,-1,-1,-1,-1,-1,-1,-1,-1,-1,-1,-1,-1,-1,-1,-1,-1
4079,-1,-1,-1,-1,-1,-1,-1,-1,-1,-1,-1,-1,-1,-1,-1,-1,-1,-1,-1,-1,-1,-1,-1,-1,-1,-1,-1,-1,-1,-1,-1,-1,-1,-1,-1,-1,-1,-1,4,-1,-1,-1,-1,-1,-1,-1,-1,-1,-1,-1,-1,-1,-1,-1,-1,-1,-1,-1,-1,-1,-1,-1,-1,-1,-1,-1,-1,-1,-1,-1,-1,-1,-1,-1,-1,-1,-1,-1,-1,-1,-1,-1,-1,-1,-1,-1,-1,-1,-1,-1,-1,-1,-1,-1,-1,-1,-1,-1,-1,-1,-1,-1,-1,-1,-1,-1,-1,-1,-1,-1,-1,-1,-1,-1,-1,-1,-1,-1,-1,-1,-1,-1,-1,-1,-1,-1,-1,-1,-1,-1,-1,-1
4138,-1,-1,-1,3,-1,5,2,3,2,-1,-1,-1,-1,-1,5,3,4,5,4,-1,-1,-1,-1,4,3,4,4,-1,4,-1,-1,3,-1,4,-1,1,4,2,3,-1,4,-1,-1,4,-1,3,-1,3,4,-1,3,4,4,-1,5,5,4,4,3,4,-1,3,-1,3,-1,4,-1,5,3,5,-1,3,-1,4,4,4,4,5,-1,3,-1,3,-1,-1,5,4,5,-1,-1,5,4,3,4,5,4,4,-1,-1,4,-1,5,4,4,4,-1,4,0,5,2,-1,-1,4,-1,4,5,-1,-1,3,4,4,5,5,-1,3,-1,3,5,-1,5,4,4,5
4139,-1,-1,-1,-1,-1,-1,-1,-1,-1,-1,-1,-1,-1,-1,-1,-1,-1,-1,-1,-1,-1,-1,-1,-1,-1,-1,-1,-1,-1,-1,-1,-1,-1,-1,-1,-1,-1,-1,-1,-1,-1,-1,-1,-1,-1,-1,-1,-1,-1,-1,-1,-1,-1,-1,-1,-1,-1,-1,-1,-1,-1,-1,-1,-1,-1,-1,-1,-1,-1,-1,-1,-1,-1,-1,-1,-1,-1,-1,-1,-1,-1,-1,-1,-1,-1,-1,-1,-1,-1,-1,-1,-1,-1,-1,-1,-1,-1,-1,-1,-1,-1,-1,-1,-1,-1,-1,-1,-1,-1,-1,-1,-1,-1,-1,-1,-1,-1,-1,-1,-1,-1,-1,-1,-1,-1,-1,-1,-1,-1,-1,-1,4
4160,-1,-1,-1,4,-1,4,3,3,4,-1,5,-1,-1,-1,4,4,-1,-1,3,-1,-1,-1,-1,2,-1,-1,4,4,4,4,-1,-1,-1,4,-1,-1,5,4,-1,-1,-1,-1,4,4,-1,-1,-1,3,4,-1,4,4,4,-1,4,-1,3,-1,4,-1,5,3,-1,2,-1,3,-1,5,3,4,-1,4,-1,3,4,-1,5,-1,4,3,4,5,-1,-1,4,4,-1,-1,-1,4,3,3,4,3,3,4,-1,-1,-1,-1,4,-1,5,4,-1,3,5,-1,-1,2,3,-1,-1,4,3,4,-1,-1,4,-1,-1,3,-1,3,-1,3,-1,-1,-1,3,4,3
4161,-1,-1,-1,-1,-1,-1,-1,-1,-1,-1,-1,-1,-1,-1,-1,-1,-1,-1,-1,-1,-1,-1,-1,-1,-1,-1,-1,-1,-1,-1,-1,-1,-1,-1,-1,-1,-1,-1,-1,-1,-1,-1,-1,-1,-1,-1,-1,-1,-1,-1,-1,-1,-1,-1,-1,-1,-1,-1,-1,-1,-1,-1,-1,-1,-1,-1,-1,-1,-1,-1,-1,-1,-1,-1,-1,-1,-1,-1,-1,-1,-1,-1,-1,-1,-1,-1,-1,-1,-1,-1,-1,-1,-1,-1,-1,-1,-1,-1,-1,-1,-1,-1,-1,-1,-1,-1,-1,-1,-1,-1,-1,-1,-1,-1,-1,-1,-1,-1,-1,-1,-1,-1,-1,-1,-1,-1,-1,-1,-1,3,-1,-1
4361,-1,-1,-1,4,-1,-1,-1,-1,4,-1,5,3,-1,-1,-1,-1,5,4,4,4,3,-1,-1,-1,3,4,3,4,4,4,-1,3,-1,4,4,-1,5,4,-1,-1,2,-1,-1,4,-1,3,-1,3,5,4,3,4,4,-1,4,5,4,4,4,-1,5,3,-1,3,-1,2,-1,5,3,-1,-1,-1,-1,-1,4,-1,4,-1,-1,-1,4,2,-1,-1,4,5,-1,-1,-1,4,4,2,3,4,4,3,-1,-1,-1,-1,4,3,3,4,-1,4,-1,3,4,4,4,4,-1,-1,3,4,-1,3,4,4,-1,3,-1,4,-1,-1,4,-1,-1,4,4,4
4428,-1,-1,-1,4,-1,-1,4,2,3,-1,5,3,-1,-1,4,4,4,3,5,4,4,-1,-1,5,4,3,4,3,4,-1,4,3,-1,3,4,-1,4,5,2,-1,-1,-1,-1,4,-1,3,-1,4,5,3,3,4,4,-1,4,5,4,4,4,-1,4,4,-1,4,-1,2,-1,-1,3,-1,-1,3,-1,3,-1,4,3,4,-1,3,-1,3,-1,-1,5,3,-1,3,-1,4,3,2,0,-1,5,3,-1,-1,4,-1,3,3,3,4,-1,2,2,3,-1,2,4,4,-1,3,4,3,-1,-1,5,4,5,4,-1,3,-1,2,-1,-1,5,3,4,4
4616,-1,-1,-1,3,-1,-1,1,4,5,-1,-1,3,-1,-1,5,3,4,5,3,5,-1,-1,-1,4,4,-1,4,3,-1,-1,4,4,-1,2,-1,-1,3,3,4,-1,4,-1,-1,5,-1,3,-1,4,4,-1,4,3,3,-1,4,4,4,-1,5,-1,3,4,-1,-1,-1,4,-1,5,3,-1,-1,3,-1,-1,5,4,-1,-1,4,-1,-1,2,-1,-1,4,-1,-1,4,-1,4,3,4,2,4,4,4,-1,-1,-1,-1,4,3,4,5,4,5,5,3,-1,-1,4,4,-1,4,4,4,-1,-1,4,5,-1,4,-1,3,-1,5,4,-1,-1,4,4,4
4801,-1,-1,-1,4,-1,-1,1,3,-1,-1,-1,-1,-1,-1,5,4,4,5,4,-1,4,-1,-1,4,4,-1,4,-1,5,-1,-1,4,-1,5,-1,5,5,2,1,-1,4,-1,-1,4,-1,3,-1,3,4,-1,-1,4,4,-1,5,5,5,4,3,-1,-1,4,-1,3,-1,4,-1,5,3,-1,-1,3,-1,4,4,4,4,5,-1,3,3,3,-1,-1,5,4,5,-1,-1,4,4,3,4,5,4,4,-1,-1,4,-1,5,4,4,4,-1,4,-1,5,3,3,-1,4,-1,4,5,-1,-1,3,5,4,5,4,-1,3,-1,3,5,-1,5,4,4,5
4910,-1,-1,-1,4,-1,-1,-1,2,4,-1,-1,-1,-1,-1,4,5,4,4,4,-1,-1,-1,-1,-1,4,2,5,3,-1,-1,4,4,-1,-1,-1,-1,-1,4,4,-1,4,-1,4,4,-1,-1,-1,4,-1,4,-1,4,4,-1,-1,5,4,4,5,-1,-1,4,-1,-1,-1,2,-1,-1,5,-1,-1,4,-1,-1,3,3,4,-1,4,5,5,-1,-1,-1,-1,4,-1,-1,-1,4,3,4,-1,4,4,-1,-1,-1,-1,-1,4,4,4,5,-1,4,4,-1,-1,1,3,-1,-1,4,3,-1,-1,5,-1,4,-1,-1,-1,3,-1,3,5,-1,-1,4,4,5
4936,-1,-1,-1,3,-1,-1,1,4,5,-1,-1,3,5,-1,5,2,4,5,3,4,-1,-1,-1,4,5,-1,4,3,-1,5,4,4,-1,-1,-1,-1,-1,3,4,-1,4,-1,-1,5,-1,-1,-1,4,4,-1,4,-1,3,-1,4,5,4,-1,5,-1,3,4,-1,-1,-1,4,-1,5,3,-1,-1,-1,-1,5,5,3,-1,-1,4,3,-1,3,-1,-1,3,-1,-1,4,-1,4,4,4,2,4,4,3,-1,-1,-1,-1,4,-1,4,4,-1,5,5,-1,-1,-1,4,4,-1,4,4,-1,-1,-1,-1,4,-1,4,-1,3,-1,4,4,-1,-1,4,4,4
5375,-1,-1,-1,3,-1,-1,3,3,3,-1,-1,3,-1,-1,4,-1,3,4,3,4,-1,-1,-1,4,3,4,3,1,4,-1,-1,3,-1,4,-1,-1,-1,4,-1,-1,4,-1,-1,4,-1,3,-1,4,4,-1,3,-1,4,-1,4,-1,4,3,3,-1,5,4,-1,3,-1,2,-1,3,3,-1,-1,-1,-1,5,4,3,4,-1,4,-1,4,2,-1,-1,4,4,-1,-1,-1,4,4,-1,-1,4,5,4,-1,-1,-1,-1,4,4,3,4,-1,3,-1,4,3,-1,3,4,-1,-1,3,-1,-1,3,4,4,-1,4,-1,4,-1,2,-1,-1,-1,4,4,5
5376,-1,-1,-1,-1,-1,-1,-1,-1,-1,-1,-1,-1,-1,-1,-1,-1,-1,-1,-1,-1,-1,-1,-1,-1,-1,-1,-1,-1,-1,-1,-1,-1,-1,-1,-1,-1,-1,-1,-1,-1,-1,-1,-1,-1,-1,-1,-1,-1,-1,-1,-1,-1,-1,-1,-1,-1,-1,-1,-1,-1,-1,-1,-1,-1,-1,-1,-1,-1,-1,-1,-1,-1,-1,-1,-1,-1,-1,-1,-1,-1,-1,-1,-1,-1,-1,-1,-1,-1,-1,-1,-1,-1,-1,-1,-1,-1,-1,-1,-1,-1,-1,-1,-1,-1,-1,-1,-1,-1,-1,-1,-1,-1,-1,-1,-1,-1,-1,-1,-1,-1,-1,-1,-1,-1,-1,-1,-1,-1,-1,3,-1,-1
5918,-1,-1,-1,4,-1,-1,3,4,-1,-1,-1,2,-1,-1,5,3,4,-1,2,-1,-1,-1,-1,-1,4,-1,4,2,3,-1,4,3,-1,-1,-1,-1,-1,4,3,-1,-1,-1,-1,4,-1,4,-1,4,4,2,3,4,4,-1,4,-1,4,-1,3,-1,-1,4,-1,-1,-1,3,-1,5,4,-1,-1,4,-1,1,3,4,3,-1,-1,5,4,2,-1,-1,5,3,-1,4,-1,4,-1,-1,-1,4,4,3,-1,-1,2,-1,3,4,4,4,4,3,-1,-1,-1,-1,3,3,-1,3,4,-1,-1,2,4,5,4,4,-1,4,-1,3,2,-1,3,-1,-1,4
5919,-1,-1,-1,-1,-1,-1,-1,-1,-1,-1,-1,-1,-1,-1,-1,-1,-1,-1,-1,-1,-1,-1,-1,-1,-1,-1,-1,-1,-1,-1,-1,-1,-1,-1,-1,-1,-1,-1,-1,-1,-1,-1,-1,-1,-1,-1,-1,-1,-1,-1,-1,-1,-1,-1,-1,-1,-1,-1,-1,-1,-1,-1,-1,-1,-1,-1,-1,-1,-1,-1,-1,-1,-1,-1,-1,-1,-1,-1,-1,-1,-1,-1,-1,-1,-1,-1,-1,-1,-1,-1,-1,-1,-1,-1,-1,-1,-1,-1,-1,-1,-1,-1,-1,-1,-1,-1,-1,-1,-1,-1,-1,-1,-1,-1,-1,-1,-1,-1,-1,-1,-1,-1,-1,-1,-1,3,-1,-1,-1,-1,-1,-1
6316,-1,-1,-1,4,-1,-1,-1,2,3,-1,-1,-1,-1,-1,4,4,-1,-1,3,-1,-1,-1,-1,-1,4,-1,5,4,4,5,4,3,-1,3,-1,-1,-1,4,-1,-1,-1,-1,4,-1,-1,-1,-1,4,-1,-1,4,4,4,-1,4,-1,5,-1,4,-1,4,-1,-1,-1,-1,3,-1,4,4,-1,-1,-1,-1,3,4,-1,4,4,4,4,4,-1,-1,-1,-1,5,-1,4,-1,4,-1,-1,2,5,4,4,-1,-1,-1,-1,4,5,4,4,5,-1,5,-1,-1,-1,-1,-1,-1,4,4,-1,-1,-1,5,4,-1,4,-1,-1,-1,3,-1,-1,-1,3,-1,5
6711,-1,-1,-1,4,-1,-1,3,3,-1,-1,-1,3,4,-1,5,5,-1,-1,5,4,-1,-1,-1,-1,5,-1,3,4,4,4,4,3,-1,-1,-1,-1,-1,5,-1,-1,-1,-1,-1,5,-1,3,-1,5,5,-1,3,-1,5,-1,4,-1,5,-1,4,-1,5,4,-1,4,-1,3,-1,5,4,-1,-1,4,-1,2,5,4,3,3,-1,5,4,3,-1,-1,5,-1,5,-1,-1,4,-1,-1,4,5,-1,3,-1,-1,-1,-1,-1,4,-1,4,3,4,5,3,3,-1,4,2,-1,4,5,4,-1,4,5,-1,4,4,-1,4,-1,3,3,-1,-1,-1,-1,4
6712,-1,-1,-1,-1,-1,-1,-1,-1,-1,-1,-1,-1,-1,-1,-1,-1,-1,-1,-1,-1,-1,-1,-1,-1,-1,-1,-1,-1,-1,-1,-1,-1,-1,-1,-1,-1,-1,-1,-1,-1,-1,-1,-1,-1,-1,-1,-1,-1,-1,-1,-1,-1,3,-1,-1,-1,-1,-1,-1,-1,-1,-1,-1,-1,-1,-1,-1,-1,-1,-1,-1,-1,-1,-1,-1,-1,-1,-1,-1,-1,-1,-1,-1,-1,-1,-1,-1,-1,-1,-1,-1,-1,-1,-1,-1,-1,-1,-1,-1,-1,-1,-1,-1,-1,-1,-1,-1,-1,-1,-1,-1,-1,-1,-1,-1,-1,-1,-1,-1,-1,-1,-1,-1,-1,-1,-1,-1,-1,-1,-1,-1,-1
6773,-1,-1,-1,-1,-1,-1,-1,4,-1,-1,-1,-1,-1,-1,4,4,-1,-1,4,-1,-1,-1,-1,-1,4,-1,5,3,4,5,4,0,-1,-1,-1,-1,-1,-1,-1,-1,-1,-1,-1,-1,-1,4,-1,4,5,-1,-1,-1,3,-1,-1,5,4,-1,3,-1,-1,4,-1,3,-1,-1,-1,5,5,-1,-1,4,-1,3,5,-1,4,5,-1,3,-1,-1,-1,-1,5,-1,5,-1,-1,4,-1,-1,4,3,-1,2,-1,-1,-1,-1,-1,5,-1,5,-1,4,-1,3,-1,2,3,2,-1,4,5,-1,-1,3,4,-1,5,4,-1,4,-1,4,-1,-1,-1,4,-1,4
7040,-1,-1,-1,4,-1,-1,4,-1,4,-1,-1,-1,-1,-1,5,4,-1,-1,3,4,-1,-1,-1,-1,3,4,3,4,5,5,4,3,-1,-1,-1,-1,-1,4,-1,-1,-1,-1,-1,-1,-1,3,-1,-1,-1,-1,2,-1,4,-1,-1,5,3,-1,3,-1,-1,4,-1,4,-1,3,-1,5,5,-1,-1,4,-1,4,-1,-1,3,4,-1,-1,3,3,-1,-1,5,4,4,-1,-1,4,-1,-1,4,3,-1,3,-1,-1,-1,-1,-1,-1,-1,5,-1,4,-1,3,-1,5,3,3,-1,3,4,-1,3,3,4,-1,5,4,-1,3,-1,3,-1,-1,-1,-1,-1,3
7373,-1,-1,-1,4,-1,-1,3,-1,0,-1,-1,2,-1,-1,5,3,-1,-1,5,2,-1,-1,-1,-1,4,-1,5,4,4,4,4,3,-1,-1,-1,-1,-1,5,-1,-1,-1,-1,-1,-1,-1,3,-1,-1,-1,-1,3,-1,5,-1,-1,5,5,-1,5,-1,4,-1,-1,3,-1,3,-1,5,-1,-1,-1,4,-1,1,5,4,5,5,-1,-1,4,1,-1,-1,5,-1,5,-1,-1,5,4,-1,4,-1,-1,4,-1,-1,-1,-1,-1,4,-1,5,-1,4,5,3,4,-1,4,4,-1,4,3,3,-1,3,5,-1,-1,-1,-1,4,-1,3,-1,-1,-1,-1,-1,4
